"POOLID","ID","ITEMQUESTIONID","IRTPARMSTATUS","ITEMTYPE","ANSWERKEY","NOPT","NLEVELS","MAXPOINTS","MINPOINTS","CONTENTCODE","CONTENTNAME","TESTLEVEL","DOKLEVELCODE","TESTINGLEVEL1","CONTENTCAT","TESTINGLEVEL2","CIAITEMPVAL","CIAITEMPBIS","IRTNPARMS","IRTFIT1","STID","ATASTIMULUSID","HASPARMS","ATAUSERCHAR1","IS_DISC","IS_SET"
670,"242466",1327,5,"MC","B",4,2,1,0,"EL","12-4: ANALYSIS WITHI",4,3,1,2,12,0.231905465,0.577746102,3,33.22236,"1146",44927,NA,"EBSR:",0,1
670,"244733",1952,5,"MC","HT",4,2,1,0,"EL","9-4: CENTRAL IDEAS:",4,2,1,2,9,0.472910472,0.266906852,3,61.94154,"1146",44927,NA,"HOT T",0,1
670,"244763",789,5,"MC","B",4,2,1,0,"EL","13-4: TEXT STRUCTURE",4,2,1,2,13,0.127668309,0.277744732,3,70.71675,"1146",44927,NA,"SR MU",0,1
670,"244820",788,5,"MC","C",4,2,1,0,"EL","8-4: KEY DETAILS: US",4,2,1,2,8,0.210904812,0.163374738,3,38.66526,"1146",44927,NA,"SR SI",0,1
670,"244851",1953,5,"MC","B",4,2,1,0,"EL","9-4: CENTRAL IDEAS:",4,2,1,2,9,0.132190039,0.197153731,3,47.21567,"1146",44927,NA,"EBSR:",0,1
670,"244881",1955,5,"MC","HT",4,2,1,0,"EL","11-4: REASONING & EV",4,3,1,2,11,0.125274433,0.378713416,3,98.42862,"1146",44927,NA,"HOT T",0,1
670,"244990",1954,5,"MC","B",4,2,1,0,"EL","10-4: WORD MEANINGS:",4,1,1,2,10,0.191927793,0.200714325,3,90.31603,"1146",44927,NA,"SR MU",0,1
670,"242484",8156,5,"MC","A",4,2,1,0,"EL","12-4: ANALYSIS WITHI",4,3,1,2,12,0.695059625,0.553896361,3,22.51398,"1155",44934,NA,"SR SI",0,1
670,"244745",4904,5,"MC","D",4,2,1,0,"EL","9-4: CENTRAL IDEAS:",4,2,1,2,9,0.296776414,0.306714985,3,47.23264,"1155",44934,NA,"SR SI",0,1
670,"244751",4908,5,"MC","B",4,2,1,0,"EL","14-4: LANGUAGE USE:",4,2,1,2,14,0.681215151,0.545868019,3,53.51583,"1155",44934,NA,"SR SI",0,1
670,"244855",4903,5,"MC","B",4,2,1,0,"EL","9-4: CENTRAL IDEAS:",4,2,1,2,9,0.300756187,0.478759343,3,55.17942,"1155",44934,NA,"SR MU",0,1
670,"244863",4905,5,"MC","A",4,2,1,0,"EL","10-4: WORD MEANINGS:",4,1,1,2,10,0.487707261,0.269129587,3,54.35009,"1155",44934,NA,"SR SI",0,1
670,"244869",4907,5,"MC","B",4,2,1,0,"EL","13-4: TEXT STRUCTURE",4,2,1,2,13,0.133619764,0.392480859,3,54.21035,"1155",44934,NA,"SR MU",0,1
670,"244992",4906,5,"MC","B",4,2,1,0,"EL","11-4: REASONING & EV",4,3,1,2,11,0.203843256,0.307629965,3,63.70704,"1155",44934,NA,"EBSR:",0,1
671,"244646",812,5,"MC","B",4,2,1,0,"EL","12-5: ANALYSIS WITHI",5,3,1,2,12,0.63717605,0.37218905,3,51.98306,"1157",45085,NA,"SR SI",0,1
671,"244767",810,5,"MC","D",4,2,1,0,"EL","8-5: KEY DETAILS: US",5,2,1,2,8,0.434677829,0.495204569,3,92.46552,"1157",45085,NA,"SR SI",0,1
671,"244779",814,5,"MC","C",4,2,1,0,"EL","14-5: LANGUAGE USE:",5,3,1,2,14,0.550561798,0.539784815,3,40.58481,"1157",45085,NA,"SR SI",0,1
671,"244901",1965,5,"MC","A",4,2,1,0,"EL","8-5: KEY DETAILS: US",5,1,1,2,8,0.311101549,-0.098572905,3,NA,"1157",45085,"N","SR SI",0,1
671,"244907",848,5,"MC","A",4,2,1,0,"EL","11-5: REASONING & EV",5,3,1,2,11,0.151881517,0.331508866,3,49.39014,"1157",45085,NA,"EBSR:",0,1
671,"244909",1966,5,"MC","B",4,2,1,0,"EL","9-5: CENTRAL IDEAS:",5,2,1,2,9,0.244415386,-0.155667365,3,NA,"1157",45085,"N","SR SI",0,1
670,"242433",8325,5,"MC","C",4,2,1,0,"EL","12-4: ANALYSIS WITHI",4,4,1,2,12,0.53638814,0.288359578,3,NA,"1197",44915,"N","SR SI",0,1
670,"242601",8324,5,"MC","A",4,2,1,0,"EL","12-4: ANALYSIS WITHI",4,4,1,2,12,0.125,0.269861351,3,NA,"1197",44915,"N","EBSR:",0,1
670,"242603",8326,5,"MC","A",4,2,1,0,"EL","14-4: LANGUAGE USE:",4,2,1,2,14,0.013412817,0.091257943,3,NA,"1197",44915,"N","SR MU",0,1
670,"244752",5075,5,"MC","HT",4,2,1,0,"EL","8-4: KEY DETAILS: US",4,2,1,2,8,0.172876304,0.399425611,3,29.78242,"1197",44915,NA,"HOT T",0,1
670,"244754",5079,5,"MC","B",4,2,1,0,"EL","13-4: TEXT STRUCTURE",4,3,1,2,13,0.254355401,0.187497009,3,NA,"1197",44915,"N","SR MU",0,1
670,"244878",5078,1,"CR","0",0,3,2,0,"EL","11-4: REASONING & EV",4,3,1,2,11,0.102669405,0.385473847,3,NA,"1197",44915,"N","SHORT",0,1
670,"244880",5080,5,"MC","D",4,2,1,0,"EL","13-4: TEXT STRUCTURE",4,3,1,2,13,0.36,0.294838417,3,NA,"1197",44915,"N","SR SI",0,1
671,"241938",8836,5,"MC","D",4,2,1,0,"EL","14-5: LANGUAGE USE:",5,2,1,2,14,0.46400187,0.515638424,3,67.15262,"1240",44813,NA,"SR SI",0,1
671,"244311",5290,5,"MC","B",4,2,1,0,"EL","9-5: CENTRAL IDEAS:",5,2,1,2,9,0.110899046,0.008877789,3,NA,"1240",44813,"N","SR MU",0,1
671,"244332",5286,5,"MC","C",4,2,1,0,"EL","8-5: KEY DETAILS: US",5,2,1,2,8,0.341071638,0.41782995,3,200.75323,"1240",44813,NA,"SR SI",0,1
671,"244351",5651,1,"CR","0",0,3,2,0,"EL","11-5: REASONING & EV",5,3,1,2,11,0.093104063,0.417213014,3,93.78583,"1240",44813,NA,"SHORT",0,1
671,"244378",5288,5,"MC","C",4,2,1,0,"EL","11-5: REASONING & EV",5,3,1,2,11,0.295663412,0.489259434,3,59.02354,"1240",44813,NA,"EBSR:",0,1
671,"244409",5653,5,"MC","D",4,2,1,0,"EL","10-5: WORD MEANINGS:",5,2,1,2,10,0.396651982,0.438117203,3,40.7218,"1240",44813,NA,"SR MU",0,1
671,"244463",5287,5,"MC","A",4,2,1,0,"EL","9-5: CENTRAL IDEAS:",5,2,1,2,9,0.188434896,0.300628685,3,39.98184,"1240",44813,NA,"SR MU",0,1
671,"244469",5289,5,"MC","HT",4,2,1,0,"EL","12-5: ANALYSIS WITHI",5,4,1,2,12,0.08135169,0.341435628,3,39.75132,"1240",44813,NA,"HOT T",0,1
671,"244496",5594,5,"MC","B",4,2,1,0,"EL","13-5: TEXT STRUCTURE",5,3,1,2,13,0.053050398,0.107191622,3,NA,"1240",44813,"N","SR MU",0,1
671,"244533",5650,1,"CR","0",0,3,2,0,"EL","11-5: REASONING & EV",5,3,1,2,11,0.065100087,0.395365552,3,75.23094,"1240",44813,NA,"SHORT",0,1
671,"244535",5652,5,"MC","C",4,2,1,0,"EL","10-5: WORD MEANINGS:",5,2,1,2,10,0.658806717,0.441250709,3,35.74096,"1240",44813,NA,"SR SI",0,1
670,"242535",8212,5,"MC","A",4,2,1,0,"EL","14-4: LANGUAGE USE:",4,3,1,2,14,0.220689655,0.260567463,3,32.5041,"1276",44945,NA,"SR MU",0,1
670,"242651",8211,5,"MC","HT",4,2,1,0,"EL","12-4: ANALYSIS WITHI",4,4,1,2,12,0.089965398,0.096966213,3,NA,"1276",44945,"N","HOT T",0,1
670,"244352",5477,5,"MC","C",4,2,1,0,"EL","11-4: REASONING & EV",4,3,1,2,11,0.193215052,0.381296389,3,39.68702,"1276",44945,NA,"EBSR:",0,1
670,"244408",5475,5,"MC","B",4,2,1,0,"EL","9-4: CENTRAL IDEAS:",4,2,1,2,9,0.165389201,0.323448315,3,39.88438,"1276",44945,NA,"EBSR:",0,1
670,"244532",5474,5,"MC","B",4,2,1,0,"EL","8-4: KEY DETAILS: US",4,1,1,2,8,0.546782609,0.397389576,3,64.31863,"1276",44945,NA,"SR SI",0,1
670,"244536",5476,5,"MC","B",4,2,1,0,"EL","10-4: WORD MEANINGS:",4,1,1,2,10,0.240563576,0.375113944,3,46.37452,"1276",44945,NA,"SR MU",0,1
670,"244540",5478,5,"MC","D",4,2,1,0,"EL","13-4: TEXT STRUCTURE",4,3,1,2,13,0.395121951,0.384285675,3,NA,"1276",44945,"N","SR SI",0,1
670,"242465",8321,5,"MC","D",4,2,1,0,"EL","12-4: ANALYSIS WITHI",4,3,1,2,12,0.013816926,0.060343469,3,NA,"1291",44926,"N","EBSR:",0,1
670,"242509",8323,5,"MC","A",4,2,1,0,"EL","14-4: LANGUAGE USE:",4,3,1,2,14,0.040909091,0.184408984,3,NA,"1291",44926,"N","SR MU",0,1
670,"242599",8322,5,"MC","D",4,2,1,0,"EL","12-4: ANALYSIS WITHI",4,4,1,2,12,0.516245487,0.549503045,3,24.01351,"1291",44926,NA,"SR SI",0,1
670,"244007",5834,5,"MC","A",4,2,1,0,"EL","13-4: TEXT STRUCTURE",4,3,1,2,13,0.353503185,0.269615784,3,NA,"1291",44926,"N","SR MU",0,1
670,"244041",6111,1,"CR","0",0,3,2,0,"EL","11-4: REASONING & EV",4,3,1,2,11,0.088519313,0.348507604,3,42.41446,"1291",44926,NA,"SHORT",0,1
670,"244328",5526,5,"MC","D",4,2,1,0,"EL","9-4: CENTRAL IDEAS:",4,2,1,2,9,0.093399751,0.226367894,3,25.78255,"1291",44926,NA,"SR MU",0,1
670,"244370",5530,5,"MC","B",4,2,1,0,"EL","13-4: TEXT STRUCTURE",4,3,1,2,13,0.520634921,0.208089141,3,NA,"1291",44926,"N","SR SI",0,1
670,"244447",5528,5,"MC","D",4,2,1,0,"EL","10-4: WORD MEANINGS:",4,2,1,2,10,0.642230253,0.528959934,3,38.43548,"1291",44926,NA,"SR SI",0,1
670,"244607",5525,5,"MC","HT",4,2,1,0,"EL","8-4: KEY DETAILS: US",4,2,1,2,8,0.183178535,0.420218007,3,31.83775,"1291",44926,NA,"HOT T",0,1
670,"244611",5527,5,"MC","HT",4,2,1,0,"EL","9-4: CENTRAL IDEAS:",4,2,1,2,9,0.124845488,0.308262289,3,47.70234,"1291",44926,NA,"HOT T",0,1
670,"244614",5529,1,"CR","0",0,3,2,0,"EL","11-4: REASONING & EV",4,3,1,2,11,0.088911089,0.417753071,3,41.10807,"1291",44926,NA,"SHORT",0,1
670,"244618",5531,5,"MC","B",4,2,1,0,"EL","14-4: LANGUAGE USE:",4,3,1,2,14,0.5,0.10450239,3,NA,"1291",44926,"N","SR SI",0,1
670,"242109",1400,5,"MC","A",4,2,1,0,"EL","7-4: LANGUAGE USE: D",4,3,1,1,7,0.259423503,-0.083425376,3,NA,"1295",44836,"N","SR SI",0,1
670,"244335",2070,5,"MC","B",4,2,1,0,"EL","2-4: CENTRAL IDEAS:",4,2,1,1,2,0.560953462,0.503907854,3,74.02612,"1295",44836,NA,"SR SI",0,1
670,"244379",2071,5,"MC","D",4,2,1,0,"EL","3-4: WORD MEANINGS:",4,1,1,1,3,0.296024259,0.266533868,3,25.90295,"1295",44836,NA,"SR SI",0,1
670,"244468",2069,5,"MC","C",4,2,1,0,"EL","1-4: KEY DETAILS: US",4,1,1,1,1,0.378993905,0.602538346,3,212.07739,"1295",44836,NA,"SR MU",0,1
670,"244470",981,5,"MC","A",4,2,1,0,"EL","2-4: CENTRAL IDEAS:",4,2,1,1,2,0.124860647,0.273383675,3,32.10485,"1295",44836,NA,"SR MU",0,1
670,"244472",2072,5,"MC","A",4,2,1,0,"EL","4-4: REASONING & EVA",4,3,1,1,4,0.246274668,0.384699597,3,78.10873,"1295",44836,NA,"EBSR:",0,1
671,"241827",8822,5,"MC","C",4,2,1,0,"EL","8-5: KEY DETAILS: US",5,1,1,2,8,0.25453629,0.481337295,3,87.60095,"1300",44772,NA,"SR MU",0,1
671,"244300",5583,5,"MC","C",4,2,1,0,"EL","12-5: ANALYSIS WITHI",5,4,1,2,12,0.212363636,0.407482946,3,33.75954,"1300",44772,NA,"SR MU",0,1
671,"244338",5579,1,"CR","0",0,3,2,0,"EL","9-5: CENTRAL IDEAS:",5,3,1,2,9,0.074458484,0.333338189,3,63.24,"1300",44772,NA,"SHORT",0,1
671,"244340",5587,5,"MC","D",4,2,1,0,"EL","14-5: LANGUAGE USE:",5,2,1,2,14,0.211710622,0.346434158,3,79.41947,"1300",44772,NA,"SR MU",0,1
671,"244386",5581,5,"MC","HT",4,2,1,0,"EL","11-5: REASONING & EV",5,3,1,2,11,0.205408886,0.456176833,3,31.04361,"1300",44772,NA,"HOT T",0,1
671,"244387",5585,5,"MC","C",4,2,1,0,"EL","13-5: TEXT STRUCTURE",5,2,1,2,13,0.637569327,0.463498702,3,53.59597,"1300",44772,NA,"SR SI",0,1
671,"244481",5578,5,"MC","HT",4,2,1,0,"EL","8-5: KEY DETAILS: US",5,2,1,2,8,0.100821509,0.087001132,3,NA,"1300",44772,"N","HOT T",0,1
671,"244483",5580,1,"CR","0",0,3,2,0,"EL","11-5: REASONING & EV",5,3,1,2,11,0.114610222,0.478555346,3,80.29001,"1300",44772,NA,"SHORT",0,1
671,"244485",5582,5,"MC","B",4,2,1,0,"EL","12-5: ANALYSIS WITHI",5,4,1,2,12,0.52728513,0.424203023,3,54.04847,"1300",44772,NA,"SR SI",0,1
671,"244487",5584,5,"MC","E",4,2,1,0,"EL","13-5: TEXT STRUCTURE",5,3,1,2,13,0.125,0.340356338,3,NA,"1300",44772,"N","SR MU",0,1
671,"244489",5586,5,"MC","C",4,2,1,0,"EL","14-5: LANGUAGE USE:",5,3,1,2,14,0.432432432,0.306966382,3,NA,"1300",44772,"N","SR SI",0,1
671,"242049",1404,5,"MC","B",4,2,1,0,"EL","14-5: LANGUAGE USE:",5,3,1,2,14,0.06056338,0.087693339,3,NA,"1375",44824,"N","SR MU",0,1
671,"243653",1135,5,"MC","A",4,2,1,0,"EL","12-5: ANALYSIS WITHI",5,3,1,2,12,0.20683112,0.33066669,3,35.68667,"1375",44824,NA,"EBSR:",0,1
671,"243875",2190,5,"MC","HT",4,2,1,0,"EL","8-5: KEY DETAILS: US",5,2,1,2,8,0.313854235,0.485851795,3,54.16609,"1375",44824,NA,"HOT T",0,1
671,"243915",1136,5,"MC","B",4,2,1,0,"EL","13-5: TEXT STRUCTURE",5,3,1,2,13,0.489001692,0.297930379,3,34.0862,"1375",44824,NA,"SR SI",0,1
671,"244017",2110,5,"MC","D",4,2,1,0,"EL","11-5: REASONING & EV",5,3,1,2,11,0.209564423,0.451129866,3,57.03841,"1375",44824,NA,"EBSR:",0,1
671,"244064",2108,5,"MC","C",4,2,1,0,"EL","9-5: CENTRAL IDEAS:",5,2,1,2,9,0.43266391,0.295170626,3,37.52399,"1375",44824,NA,"SR SI",0,1
671,"244159",2109,5,"MC","HT",4,2,1,0,"EL","10-5: WORD MEANINGS:",5,1,1,2,10,0.69043152,0.593550133,3,72.70321,"1375",44824,NA,"HOT T",0,1
671,"244160",1047,5,"MC","A",4,2,1,0,"EL","12-5: ANALYSIS WITHI",5,4,1,2,12,0.067474048,0.128613131,3,NA,"1375",44824,"N","SR MU",0,1
671,"242704",8274,5,"MC","C",4,2,1,0,"EL","14-5: LANGUAGE USE:",5,2,1,2,14,0.151235585,0.398595185,3,31.43142,"1419",44963,NA,"SR MU",0,1
671,"243701",6193,5,"MC","B",4,2,1,0,"EL","11-5: REASONING & EV",5,3,1,2,11,0.186433955,0.302641576,3,58.17399,"1419",44963,NA,"EBSR:",0,1
671,"243769",6195,5,"MC","D",4,2,1,0,"EL","13-5: TEXT STRUCTURE",5,3,1,2,13,0.15720524,0.072637234,3,NA,"1419",44963,"N","SR SI",0,1
671,"243891",6194,5,"MC","A",4,2,1,0,"EL","13-5: TEXT STRUCTURE",5,3,1,2,13,0.02293578,0.047786597,3,NA,"1419",44963,"N","SR MU",0,1
671,"243923",6249,1,"CR","0",0,3,2,0,"EL","9-5: CENTRAL IDEAS:",5,3,1,2,9,0.155149935,0.397603456,3,74.5956,"1419",44963,NA,"SHORT",0,1
671,"243977",6011,5,"MC","A",4,2,1,0,"EL","10-5: WORD MEANINGS:",5,2,1,2,10,0.603556141,0.529323524,3,37.34847,"1419",44963,NA,"SR SI",0,1
671,"244063",6013,5,"MC","D",4,2,1,0,"EL","12-5: ANALYSIS WITHI",5,3,1,2,12,0.045454546,0.269901737,3,NA,"1419",44963,"N","EBSR:",0,1
671,"244156",6012,1,"CR","0",0,3,2,0,"EL","11-5: REASONING & EV",5,3,1,2,11,0.16389074,0.498980223,3,63.36348,"1419",44963,NA,"SHORT",0,1
671,"244157",6014,5,"MC","D",4,2,1,0,"EL","12-5: ANALYSIS WITHI",5,4,1,2,12,0.456790124,0.449825589,3,NA,"1419",44963,"N","SR SI",0,1
671,"243408",2229,5,"MC","HT",4,2,1,0,"EL","1-5: KEY DETAILS: US",5,2,1,1,1,0.308305477,0.48456787,3,37.2375,"1441",45002,NA,"HOT T",0,1
671,"243473",1196,5,"MC","A",4,2,1,0,"EL","7-5: LANGUAGE USE: I",5,3,1,1,7,0.091743119,0.224699993,3,NA,"1441",45002,"N","SR MU",0,1
671,"243598",1195,5,"MC","A",4,2,1,0,"EL","1-5: KEY DETAILS: US",5,2,1,1,1,0.302064746,0.002062253,3,NA,"1441",45002,"N","SR SI",0,1
671,"243600",1197,5,"MC","A",4,2,1,0,"EL","4-5: REASONING & EVI",5,3,1,1,4,0.629821261,0.58201252,3,38.20506,"1441",45002,NA,"EBSR:",0,1
671,"243965",2149,5,"MC","D",4,2,1,0,"EL","2-5: CENTRAL IDEAS:",5,2,1,1,2,0.346250629,0.509448313,3,57.02178,"1441",45002,NA,"SR MU",0,1
671,"243974",2148,5,"MC","A",4,2,1,0,"EL","6-5: TEXT STRUCTURES",5,3,1,1,6,0.255108767,0.358913436,3,28.25028,"1441",45002,NA,"SR MU",0,1
671,"244125",2146,5,"MC","D",4,2,1,0,"EL","7-5: LANGUAGE USE: I",5,2,1,1,7,0.433798938,0.439604581,3,51.43863,"1441",45002,NA,"SR SI",0,1
671,"244282",2147,5,"MC","B",4,2,1,0,"EL","3-5: WORD MEANINGS:",5,2,1,1,3,0.428100136,0.436244128,3,83.30899,"1441",45002,NA,"SR MU",0,1
669,"240736",1447,5,"MC","D",4,2,1,0,"EL","12-3: ANALYSIS WITHI",3,3,1,2,12,0.231501057,0.150898063,3,46.65651,"1478",44625,NA,"SR SI",0,1
669,"240814",2378,5,"MC","A",4,2,1,0,"EL","14-3: LANGUAGE USE:",3,2,1,2,14,0.346884453,0.146120235,3,79.48071,"1478",44625,NA,"SR SI",0,1
669,"240921",2379,5,"MC","C",4,2,1,0,"EL","8-3: KEY DETAILS: US",3,1,1,2,8,0.372251706,0.324828748,3,230.44682,"1478",44625,NA,"SR SI",0,1
669,"240923",2380,1,"CR","0",0,3,2,0,"EL","11-3: REASONING & EV",3,3,1,2,11,0.057872846,0.312943465,3,110.46172,"1478",44625,NA,"SHORT",0,1
669,"240933",1451,5,"MC","HT",4,2,1,0,"EL","11-3: REASONING & EV",3,3,1,2,11,0.158333333,0.338635916,3,33.79113,"1478",44625,NA,"HOT T",0,1
669,"240969",2165,5,"MC","B",4,2,1,0,"EL","9-3: CENTRAL IDEAS:",3,2,1,2,9,0.368613807,0.202601234,3,56.33937,"1478",44625,NA,"SR SI",0,1
669,"240971",2184,5,"MC","HT",4,2,1,0,"EL","10-3: WORD MEANINGS:",3,2,1,2,10,0.516615946,0.495453743,3,61.43874,"1478",44625,NA,"HOT T",0,1
669,"241095",1163,5,"MC","C",4,2,1,0,"EL","13-3: TEXT STRUCTURE",3,3,1,2,13,0.021039604,0.156094378,3,NA,"1478",44625,"N","SR MU",0,1
669,"241132",1266,5,"MC","B",4,2,1,0,"EL","14-3: LANGUAGE USE:",3,2,1,2,14,0.179387458,0.470403217,3,88.11031,"1478",44625,NA,"SR MU",0,1
669,"241175",2183,5,"MC","C",4,2,1,0,"EL","10-3: WORD MEANINGS:",3,2,1,2,10,0.219013386,0.522919379,3,53.55949,"1478",44625,NA,"SR MU",0,1
669,"241332",1124,5,"MC","B",4,2,1,0,"EL","13-3: TEXT STRUCTURE",3,3,1,2,13,0.454284071,0.397428829,3,31.19805,"1478",44625,NA,"SR SI",0,1
669,"240716",1405,5,"MC","HT",4,2,1,0,"EL","1-3: KEY DETAILS: US",3,2,1,1,1,0.464892497,0.330164398,3,52.94408,"1495",44614,NA,"HOT T",0,1
669,"240865",2352,5,"MC","D",4,2,1,0,"EL","1-3: KEY DETAILS: US",3,1,1,1,1,0.335030226,0.379966163,3,102.66995,"1495",44614,NA,"SR SI",0,1
669,"240867",1406,5,"MC","C",4,2,1,0,"EL","5-3: ANALYSIS WITHIN",3,3,1,1,5,0.382894737,0.14161784,3,22.84549,"1495",44614,NA,"SR SI",0,1
669,"240982",2173,5,"MC","A",4,2,1,0,"EL","3-3: WORD MEANINGS:",3,1,1,1,3,0.828159482,0.507958948,3,138.06108,"1495",44614,NA,"SR SI",0,1
669,"241009",2176,5,"MC","B",4,2,1,0,"EL","6-3: TEXT STRUCTURES",3,2,1,1,6,0.451067856,0.376635037,3,97.96075,"1495",44614,NA,"SR SI",0,1
669,"241060",1138,5,"MC","D",4,2,1,0,"EL","4-3: REASONING & EVI",3,3,1,1,4,0.389183457,0.631787906,3,36.83914,"1495",44614,NA,"EBSR:",0,1
669,"241159",1137,1,"CR","0",0,3,2,0,"EL","2-3: CENTRAL IDEAS:",3,3,1,1,2,0.073059361,0.399860165,3,58.32172,"1495",44614,NA,"SHORT",0,1
669,"241163",2174,5,"MC","B",4,2,1,0,"EL","3-3: WORD MEANINGS:",3,1,1,1,3,0.796985816,0.388059746,3,92.24728,"1495",44614,NA,"SR SI",0,1
669,"241167",2175,1,"CR","0",0,3,2,0,"EL","4-3: REASONING & EVI",3,3,1,1,4,0.092300484,0.40713319,3,87.44152,"1495",44614,NA,"SHORT",0,1
669,"241171",1139,5,"MC","B",4,2,1,0,"EL","7-3: LANGUAGE USE: I",3,3,1,1,7,0.109395109,0.264217289,3,36.19668,"1495",44614,NA,"SR MU",0,1
669,"240763",9191,5,"MC","C",4,2,1,0,"EL","9-3: CENTRAL IDEAS:",3,2,1,2,9,0.763319672,0.545395669,3,75.03257,"1551",44638,NA,"SR SI",0,1
669,"240925",9190,5,"MC","D",4,2,1,0,"EL","12-3: ANALYSIS WITHI",3,3,1,2,12,0.286415712,0.376931502,3,35.74125,"1551",44638,NA,"SR SI",0,1
669,"241013",6530,5,"MC","E",4,2,1,0,"EL","13-3: TEXT STRUCTURE",3,2,1,2,13,0.163571429,0.386830779,3,35.15159,"1551",44638,NA,"SR MU",0,1
669,"241120",7848,5,"MC","B",4,2,1,0,"EL","13-3: TEXT STRUCTURE",3,2,1,2,13,0.201991465,0.427367274,3,52.46563,"1551",44638,NA,"SR MU",0,1
669,"241285",7847,5,"MC","HT",4,2,1,0,"EL","11-3: REASONING & EV",3,3,1,2,11,0.022673964,0.190110513,3,NA,"1551",44638,"N","HOT T",0,1
669,"240773",8583,5,"MC","D",4,2,1,0,"EL","5-3: ANALYSIS WITHIN",3,3,1,1,5,0.371273713,0.458437837,3,36.41126,"1552",44645,NA,"SR SI",0,1
669,"240986",6541,5,"MC","D",4,2,1,0,"EL","2-3: CENTRAL IDEAS:",3,2,1,1,2,0.290191657,0.577222529,3,38.82384,"1552",44645,NA,"EBSR:",0,1
669,"241072",6539,5,"MC","HT",4,2,1,0,"EL","1-3: KEY DETAILS: US",3,2,1,1,1,0.255060729,0.557906525,3,78.50319,"1552",44645,NA,"HOT T",0,1
669,"241076",6543,5,"MC","A",4,2,1,0,"EL","6-3: TEXT STRUCTURES",3,3,1,1,6,0.594827586,0.32378161,3,15.32508,"1552",44645,NA,"SR SI",0,1
669,"241191",6540,5,"MC","A",4,2,1,0,"EL","2-3: CENTRAL IDEAS:",3,2,1,1,2,0.368741543,0.078525763,3,NA,"1552",44645,"N","SR SI",0,1
669,"241195",6542,5,"MC","A",4,2,1,0,"EL","4-3: REASONING & EVI",3,3,1,1,4,0.236533958,0.485720256,3,36.14659,"1552",44645,NA,"EBSR:",0,1
670,"242538",8214,5,"MC","C",4,2,1,0,"EL","14-4: LANGUAGE USE:",4,2,1,2,14,0.325635937,0.297220992,3,104.60343,"1660",44946,NA,"SR SI",0,1
670,"242656",8213,5,"MC","C",4,2,1,0,"EL","12-4: ANALYSIS WITHI",4,4,1,2,12,0.155769231,0.355723001,3,23.28898,"1660",44946,NA,"EBSR:",0,1
670,"243265",7589,5,"MC","B",4,2,1,0,"EL","13-4: TEXT STRUCTURE",4,2,1,2,13,0.033402923,0.078708909,3,NA,"1660",44946,"N","SR MU",0,1
670,"243594",7203,5,"MC","C",4,2,1,0,"EL","9-4: CENTRAL IDEAS:",4,2,1,2,9,0.165393519,0.471740001,3,62.63641,"1660",44946,NA,"EBSR:",0,1
670,"243599",7205,5,"MC","C",4,2,1,0,"EL","11-4: REASONING & EV",4,3,1,2,11,0.304439746,0.515527449,3,44.26112,"1660",44946,NA,"EBSR:",0,1
671,"242463",8315,5,"MC","C",4,2,1,0,"EL","5-5: ANALYSIS WITHIN",5,3,1,1,5,0.151428571,0.214252949,3,NA,"1661",44924,"N","EBSR:",0,1
671,"242589",8314,5,"MC","D",4,2,1,0,"EL","5-5: ANALYSIS WITHIN",5,3,1,1,5,0.609090909,0.407353359,3,NA,"1661",44924,"N","SR SI",0,1
671,"243043",7991,1,"CR","0",0,3,2,0,"EL","4-5: REASONING & EVI",5,3,1,1,4,0.132885354,0.481327932,3,75.79038,"1661",44924,NA,"SHORT",0,1
671,"243379",7215,5,"MC","HT",4,2,1,0,"EL","3-5: WORD MEANINGS:",5,2,1,1,3,0.652804033,0.522183611,3,32.00644,"1661",44924,NA,"HOT T",0,1
671,"243410",7211,5,"MC","C",4,2,1,0,"EL","1-5: KEY DETAILS: US",5,2,1,1,1,0.071889977,0.168200849,3,45.88127,"1661",44924,NA,"SR MU",0,1
671,"243481",7213,1,"CR","0",0,3,2,0,"EL","2-5: CENTRAL IDEAS:",5,3,1,1,2,0.275236201,0.608941682,3,92.7948,"1661",44924,NA,"SHORT",0,1
671,"243486",7218,5,"MC","B",4,2,1,0,"EL","6-5: TEXT STRUCTURES",5,2,1,1,6,0.119397634,0.265746372,3,57.57978,"1661",44924,NA,"SR MU",0,1
671,"243611",7212,5,"MC","D",4,2,1,0,"EL","1-5: KEY DETAILS: US",5,1,1,1,1,0.359375,0.425654987,3,49.23804,"1661",44924,NA,"SR SI",0,1
671,"243616",7214,5,"MC","B",4,2,1,0,"EL","2-5: CENTRAL IDEAS:",5,2,1,1,2,0.607799853,0.44409853,3,35.32659,"1661",44924,NA,"SR SI",0,1
671,"243623",7216,5,"MC","B",4,2,1,0,"EL","3-5: WORD MEANINGS:",5,1,1,1,3,0.835471277,0.514374562,3,45.09791,"1661",44924,NA,"SR SI",0,1
671,"243626",7219,5,"MC","C",4,2,1,0,"EL","7-5: LANGUAGE USE: I",5,3,1,1,7,0.302259887,0.181759332,3,NA,"1661",44924,"N","SR SI",0,1
669,"240967",7327,5,"MC","HT",4,2,1,0,"EL","4-3: REASONING & EVI",3,3,1,1,4,0.176129032,0.456665467,3,41.75958,"1664",44673,NA,"HOT T",0,1
669,"241036",7331,5,"MC","HT",4,2,1,0,"EL","3-3: WORD MEANINGS:",3,2,1,1,3,0.589203423,0.463579088,3,20.04222,"1664",44673,NA,"HOT T",0,1
669,"241040",7366,5,"MC","HT",4,2,1,0,"EL","4-3: REASONING & EVI",3,3,1,1,4,0.41836106,0.6285774,3,27.72068,"1664",44673,NA,"EBSR:",0,1
669,"241099",7231,5,"MC","D",4,2,1,0,"EL","2-3: CENTRAL IDEAS:",3,2,1,1,2,0.619897959,0.567509429,3,39.10812,"1664",44673,NA,"SR SI",0,1
669,"241115",7329,5,"MC","C",4,2,1,0,"EL","1-3: KEY DETAILS: US",3,1,1,1,1,0.412353347,0.314023702,3,42.39519,"1664",44673,NA,"SR SI",0,1
669,"241246",7234,5,"MC","A",4,2,1,0,"EL","6-3: TEXT STRUCTURES",3,2,1,1,6,0.401370534,0.274992043,3,61.35582,"1664",44673,NA,"SR SI",0,1
669,"241274",7328,5,"MC","HT",4,2,1,0,"EL","4-3: REASONING & EVI",3,3,1,1,4,0.269954575,0.462070794,3,40.66694,"1664",44673,NA,"HOT T",0,1
669,"241278",7330,5,"MC","B",4,2,1,0,"EL","6-3: TEXT STRUCTURES",3,2,1,1,6,0.439150943,0.264777034,3,31.90411,"1664",44673,NA,"SR SI",0,1
669,"241282",7332,5,"MC","D",4,2,1,0,"EL","3-3: WORD MEANINGS:",3,2,1,1,3,0.711155379,0.651346306,3,36.71363,"1664",44673,NA,"SR SI",0,1
669,"240796",9011,5,"MC","A",4,2,1,0,"EL","5-3: ANALYSIS WITHIN",3,4,1,1,5,0.181818182,0.268194486,3,NA,"1669",44657,"N","SR MU",0,1
669,"240883",9010,5,"MC","HT",4,2,1,0,"EL","5-3: ANALYSIS WITHIN",3,3,1,1,5,0.066860465,0.240284453,3,NA,"1669",44657,"N","HOT T",0,1
669,"240993",7262,1,"CR","0",0,3,2,0,"EL","2-3: CENTRAL IDEAS:",3,3,1,1,2,0.049960968,0.347741672,3,57.78603,"1669",44657,NA,"SHORT",0,1
669,"241032",7267,5,"MC","D",4,2,1,0,"EL","7-3: LANGUAGE USE: I",3,2,1,1,7,0.539939333,0.568667712,3,63.28526,"1669",44657,NA,"SR SI",0,1
669,"241043",7969,5,"MC","C",4,2,1,0,"EL","3-3: WORD MEANINGS:",3,1,1,1,3,0.673105063,0.556499974,3,37.81492,"1669",44657,NA,"SR SI",0,1
669,"241107",7264,1,"CR","0",0,3,2,0,"EL","4-3: REASONING & EVI",3,3,1,1,4,0.067962231,0.364159819,3,106.62563,"1669",44657,NA,"SHORT",0,1
669,"241250",7259,5,"MC","C",4,2,1,0,"EL","1-3: KEY DETAILS: US",3,1,1,1,1,0.349366266,0.433052137,3,92.68031,"1669",44657,NA,"SR SI",0,1
669,"241254",7261,5,"MC","B",4,2,1,0,"EL","2-3: CENTRAL IDEAS:",3,2,1,1,2,0.496893204,0.539584783,3,151.29016,"1669",44657,NA,"EBSR:",0,1
669,"241258",7263,5,"MC","HT",4,2,1,0,"EL","3-3: WORD MEANINGS:",3,2,1,1,3,0.365795346,0.524268749,3,104.67457,"1669",44657,NA,"HOT T",0,1
669,"241262",7265,5,"MC","B",4,2,1,0,"EL","4-3: REASONING & EVI",3,3,1,1,4,0.077645268,0.064894297,3,NA,"1669",44657,"N","EBSR:",0,1
670,"242585",8556,5,"MC","D",4,2,1,0,"EL","7-4: LANGUAGE USE: D",4,2,1,1,7,0.538697499,0.487921624,3,29.99162,"1675",44953,NA,"SR SI",0,1
670,"242711",8289,5,"MC","A",4,2,1,0,"EL","5-4: ANALYSIS WITHIN",4,3,1,1,5,0.050452166,0.199456213,3,45.94083,"1675",44953,NA,"SR MU",0,1
670,"242755",8557,5,"MC","D",4,2,1,0,"EL","7-4: LANGUAGE USE: D",4,2,1,1,7,0.549679867,0.553858954,3,58.98151,"1675",44953,NA,"SR SI",0,1
670,"242970",7952,5,"MC","B",4,2,1,0,"EL","3-4: WORD MEANINGS:",4,1,1,1,3,0.312602291,0.550786368,3,48.11232,"1675",44953,NA,"SR MU",0,1
670,"243411",7470,5,"MC","B",4,2,1,0,"EL","3-4: WORD MEANINGS:",4,1,1,1,3,0.634300899,0.490566651,3,31.10753,"1675",44953,NA,"SR SI",0,1
670,"243440",7388,5,"MC","A",4,2,1,0,"EL","6-4: TEXT STRUCTURES",4,2,1,1,6,0.041022035,0.070591607,3,NA,"1675",44953,"N","SR MU",0,1
670,"243478",7468,1,"CR","0",0,3,2,0,"EL","2-4: CENTRAL IDEAS:",4,3,1,1,2,0.217943706,0.578632635,3,71.8661,"1675",44953,NA,"SHORT",0,1
670,"243515",7360,1,"CR","0",0,3,2,0,"EL","4-4: REASONING & EVA",4,3,1,1,4,0.095719051,0.384966673,3,111.3357,"1675",44953,NA,"SHORT",0,1
670,"243608",7467,5,"MC","C",4,2,1,0,"EL","1-4: KEY DETAILS: US",4,2,1,1,1,0.63496972,0.549536126,3,57.06656,"1675",44953,NA,"SR SI",0,1
670,"243610",7469,5,"MC","C",4,2,1,0,"EL","2-4: CENTRAL IDEAS:",4,2,1,1,2,0.704752912,0.556832574,3,45.27898,"1675",44953,NA,"SR SI",0,1
670,"243612",7471,5,"MC","B",4,2,1,0,"EL","6-4: TEXT STRUCTURES",4,2,1,1,6,0.673022599,0.586323834,3,36.94045,"1675",44953,NA,"SR SI",0,1
671,"243123",7731,5,"MC","D",4,2,1,0,"EL","6-5: TEXT STRUCTURES",5,3,1,1,6,0.26446281,0.201962655,3,NA,"1689",44993,"N","SR SI",0,1
671,"243159",7729,5,"MC","HT",4,2,1,0,"EL","3-5: WORD MEANINGS:",5,2,1,1,3,0.667705319,0.425877613,3,66.90289,"1689",44993,NA,"HOT T",0,1
671,"243230",7730,5,"MC","C",4,2,1,0,"EL","4-5: REASONING & EVI",5,3,1,1,4,0.251623377,0.370284827,3,36.83624,"1689",44993,NA,"EBSR:",0,1
671,"243232",7732,5,"MC","A",4,2,1,0,"EL","7-5: LANGUAGE USE: I",5,3,1,1,7,0.436149312,0.193627437,3,NA,"1689",44993,"N","SR SI",0,1
671,"243357",7390,5,"MC","B",4,2,1,0,"EL","1-5: KEY DETAILS: US",5,1,1,1,1,0.218104063,-0.026898898,3,NA,"1689",44993,"N","SR SI",0,1
671,"243394",7394,5,"MC","HT",4,2,1,0,"EL","4-5: REASONING & EVI",5,3,1,1,4,0.199088146,0.420570227,3,26.9436,"1689",44993,NA,"HOT T",0,1
671,"243442",7392,5,"MC","D",4,2,1,0,"EL","2-5: CENTRAL IDEAS:",5,2,1,1,2,0.298308844,0.409175561,3,43.82729,"1689",44993,NA,"SR SI",0,1
671,"243480",7507,1,"CR","0",0,3,2,0,"EL","4-5: REASONING & EVI",5,3,1,1,4,0.160647992,0.439989011,3,98.36687,"1689",44993,NA,"SHORT",0,1
671,"243537",7389,5,"MC","A",4,2,1,0,"EL","1-5: KEY DETAILS: US",5,2,1,1,1,0.03870825,0.041914164,3,NA,"1689",44993,"N","SR MU",0,1
671,"243539",7391,1,"CR","0",0,3,2,0,"EL","2-5: CENTRAL IDEAS:",5,3,1,1,2,0.096404216,0.335902211,3,73.92823,"1689",44993,NA,"SHORT",0,1
671,"243540",7393,5,"MC","B",4,2,1,0,"EL","3-5: WORD MEANINGS:",5,1,1,1,3,0.405807535,0.017259823,3,NA,"1689",44993,"N","SR SI",0,1
669,"240786",8830,5,"MC","C",4,2,1,0,"EL","5-3: ANALYSIS WITHIN",3,3,1,1,5,0.411827957,0.445577517,3,42.1184,"1693",44653,NA,"SR SI",0,1
669,"240863",8829,1,"CR","0",0,3,2,0,"EL","2-3: CENTRAL IDEAS:",3,3,1,1,2,0.057777778,0.325211054,3,NA,"1693",44653,"N","SHORT",0,1
669,"240977",7850,5,"MC","A",4,2,1,0,"EL","6-3: TEXT STRUCTURES",3,3,1,1,6,0.253658537,0.315010223,3,NA,"1693",44653,"N","SR MU",0,1
669,"240978",7402,5,"MC","HT",4,2,1,0,"EL","3-3: WORD MEANINGS:",3,2,1,1,3,0.584938704,0.57506536,3,29.42153,"1693",44653,NA,"HOT T",0,1
669,"241044",7406,5,"MC","A",4,2,1,0,"EL","7-3: LANGUAGE USE: I",3,3,1,1,7,0.214912281,0.405099197,3,NA,"1693",44653,"N","SR MU",0,1
669,"241127",7399,5,"MC","D",4,2,1,0,"EL","1-3: KEY DETAILS: US",3,2,1,1,1,0.580382775,0.603677224,3,34.83525,"1693",44653,NA,"SR SI",0,1
669,"241131",7404,5,"MC","D",4,2,1,0,"EL","4-3: REASONING & EVI",3,3,1,1,4,0.400785855,0.634588607,3,26.75699,"1693",44653,NA,"EBSR:",0,1
669,"241298",7398,5,"MC","C",4,2,1,0,"EL","1-3: KEY DETAILS: US",3,1,1,1,1,0.483742156,0.542846956,3,57.07108,"1693",44653,NA,"SR SI",0,1
669,"241302",7401,5,"MC","D",4,2,1,0,"EL","3-3: WORD MEANINGS:",3,2,1,1,3,0.570773032,0.604976905,3,42.61891,"1693",44653,NA,"SR SI",0,1
669,"241306",7403,1,"CR","0",0,3,2,0,"EL","4-3: REASONING & EVI",3,3,1,1,4,0.036043588,0.3010671,3,52.02298,"1693",44653,NA,"SHORT",0,1
669,"241310",7405,5,"MC","C",4,2,1,0,"EL","6-3: TEXT STRUCTURES",3,2,1,1,6,0.2694889,0.169192403,3,92.57557,"1693",44653,NA,"SR SI",0,1
669,"241314",7407,5,"MC","B",4,2,1,0,"EL","7-3: LANGUAGE USE: I",3,2,1,1,7,0.45115894,0.208181941,3,42.12836,"1693",44653,NA,"SR SI",0,1
671,"241830",8834,5,"MC","B",4,2,1,0,"EL","7-5: LANGUAGE USE: I",5,3,1,1,7,0.495454546,0.313445543,3,NA,"1694",44774,"N","SR SI",0,1
671,"242075",8833,5,"MC","HT",4,2,1,0,"EL","5-5: ANALYSIS WITHIN",5,3,1,1,5,0.340388007,0.510751038,3,35.83054,"1694",44774,NA,"HOT T",0,1
671,"243358",7416,5,"MC","B",4,2,1,0,"EL","6-5: TEXT STRUCTURES",5,3,1,1,6,0.494949495,0.232962718,3,NA,"1694",44774,"N","SR SI",0,1
671,"243370",7408,5,"MC","A",4,2,1,0,"EL","1-5: KEY DETAILS: US",5,2,1,1,1,0.773296245,0.515857637,3,37.92001,"1694",44774,NA,"SR SI",0,1
671,"243397",7412,5,"MC","C",4,2,1,0,"EL","3-5: WORD MEANINGS:",5,2,1,1,3,0.821445221,0.519315021,3,42.29866,"1694",44774,NA,"SR SI",0,1
671,"243449",7410,1,"CR","0",0,3,2,0,"EL","2-5: CENTRAL IDEAS:",5,2,1,1,2,0.212828771,0.33802261,3,104.30016,"1694",44774,NA,"SHORT",0,1
671,"243553",7409,5,"MC","HT",4,2,1,0,"EL","1-5: KEY DETAILS: US",5,2,1,1,1,0.396663577,0.469139452,3,44.79498,"1694",44774,NA,"HOT T",0,1
671,"243555",7411,5,"MC","A",4,2,1,0,"EL","3-5: WORD MEANINGS:",5,2,1,1,3,0.750349977,0.497978562,3,44.70404,"1694",44774,NA,"SR SI",0,1
671,"243557",7413,1,"CR","0",0,3,2,0,"EL","4-5: REASONING & EVI",5,3,1,1,4,0.325858779,0.559509916,3,65.02019,"1694",44774,NA,"SHORT",0,1
671,"243558",7415,5,"MC","B",4,2,1,0,"EL","6-5: TEXT STRUCTURES",5,2,1,1,6,0.68956554,0.472379542,3,44.36354,"1694",44774,NA,"SR SI",0,1
671,"243560",7417,5,"MC","HT",4,2,1,0,"EL","4-5: REASONING & EVI",5,3,1,1,4,0.312107248,0.426595157,3,38.13729,"1694",44774,NA,"HOT T",0,1
669,"240750",8615,5,"MC","C",4,2,1,0,"EL","12-3: ANALYSIS WITHI",3,3,1,2,12,0.433333333,0.413100143,3,42.73138,"1709",44633,NA,"SR SI",0,1
669,"240789",8613,5,"MC","D",4,2,1,0,"EL","11-3: REASONING & EV",3,3,1,2,11,0.250517598,0.350010081,3,NA,"1709",44633,"N","EBSR:",0,1
669,"240872",8614,5,"MC","D",4,2,1,0,"EL","12-3: ANALYSIS WITHI",3,3,1,2,12,0.195097038,0.476386612,3,32.46848,"1709",44633,NA,"SR MU",0,1
669,"240876",8616,5,"MC","A",4,2,1,0,"EL","14-3: LANGUAGE USE:",3,2,1,2,14,0.130885122,0.350224083,3,30.10099,"1709",44633,NA,"SR MU",0,1
669,"240970",7510,5,"MC","B",4,2,1,0,"EL","8-3: KEY DETAILS: US",3,2,1,2,8,0.123031496,0.393331433,3,32.56141,"1709",44633,NA,"SR MU",0,1
669,"241008",7514,5,"MC","B",4,2,1,0,"EL","14-3: LANGUAGE USE:",3,2,1,2,14,0.678203929,0.541573959,3,30.31071,"1709",44633,NA,"SR MU",0,1
669,"241057",7508,5,"MC","HT",4,2,1,0,"EL","10-3: WORD MEANINGS:",3,2,1,2,10,0.426356589,0.527173164,3,43.73206,"1709",44633,NA,"HOT T",0,1
669,"241059",7512,1,"CR","0",0,3,2,0,"EL","9-3: CENTRAL IDEAS:",3,3,1,2,9,0.113873296,0.378009446,3,57.94327,"1709",44633,NA,"SHORT",0,1
669,"241162",7511,5,"MC","B",4,2,1,0,"EL","10-3: WORD MEANINGS:",3,2,1,2,10,0.548218527,0.559859598,3,54.66736,"1709",44633,NA,"SR SI",0,1
669,"241164",7513,5,"MC","D",4,2,1,0,"EL","13-3: TEXT STRUCTURE",3,2,1,2,13,0.554284038,0.613047441,3,30.83103,"1709",44633,NA,"SR MU",0,1
669,"240770",8458,5,"MC","A",4,2,1,0,"EL","2-3: CENTRAL IDEAS:",3,2,1,1,2,0.636013053,0.50447484,3,51.45481,"1729",44643,NA,"SR SI",0,1
669,"240983",7536,5,"MC","C",4,2,1,0,"EL","7-3: LANGUAGE USE: I",3,2,1,1,7,0.540151515,0.531139722,3,41.03513,"1729",44643,NA,"SR SI",0,1
669,"241010",7540,5,"MC","C",4,2,1,0,"EL","2-3: CENTRAL IDEAS:",3,2,1,1,2,0.318357632,0.325477975,3,77.05333,"1729",44643,NA,"SR SI",0,1
669,"241061",7534,5,"MC","B",4,2,1,0,"EL","2-3: CENTRAL IDEAS:",3,1,1,1,2,0.370491803,0.22892344,3,42.78198,"1729",44643,NA,"SR SI",0,1
669,"241063",7538,5,"MC","C",4,2,1,0,"EL","7-3: LANGUAGE USE: I",3,2,1,1,7,0.626776365,0.593822162,3,30.07695,"1729",44643,NA,"SR SI",0,1
669,"241166",7533,5,"MC","C",4,2,1,0,"EL","7-3: LANGUAGE USE: I",3,2,1,1,7,0.513754647,0.511758921,3,29.56826,"1729",44643,NA,"SR SI",0,1
669,"241168",7535,5,"MC","D",4,2,1,0,"EL","7-3: LANGUAGE USE: I",3,2,1,1,7,0.718167702,0.567001148,3,34.57255,"1729",44643,NA,"SR SI",0,1
669,"241170",7537,5,"MC","C",4,2,1,0,"EL","7-3: LANGUAGE USE: I",3,2,1,1,7,0.603610108,0.542178767,3,34.23596,"1729",44643,NA,"SR SI",0,1
669,"241172",7539,5,"MC","B",4,2,1,0,"EL","7-3: LANGUAGE USE: I",3,2,1,1,7,0.486466165,0.412734292,3,28.71968,"1729",44643,NA,"SR SI",0,1
670,"242442",8319,5,"MC","D",4,2,1,0,"EL","7-4: LANGUAGE USE: D",4,3,1,1,7,0.216981132,0.388462109,3,NA,"1756",44918,"N","SR MU",0,1
670,"242505",8317,5,"MC","D",4,2,1,0,"EL","7-4: LANGUAGE USE: D",4,2,1,1,7,0.505097706,0.493861122,3,40.63413,"1756",44918,NA,"SR SI",0,1
670,"242593",8318,5,"MC","C",4,2,1,0,"EL","5-4: ANALYSIS WITHIN",4,3,1,1,5,0.637631654,0.440761933,3,59.00713,"1756",44918,NA,"SR SI",0,1
670,"243118",7595,5,"MC","A",4,2,1,0,"EL","6-4: TEXT STRUCTURES",4,3,1,1,6,0.527131783,0.253744621,3,NA,"1756",44918,"N","SR SI",0,1
670,"243139",7591,1,"CR","0",0,3,2,0,"EL","2-4: CENTRAL IDEAS:",4,3,1,1,2,0.069877243,0.450350194,3,39.03053,"1756",44918,NA,"SHORT",0,1
670,"243200",7593,5,"MC","A",4,2,1,0,"EL","3-4: WORD MEANINGS:",4,1,1,1,3,0.135950563,0.031454834,3,NA,"1756",44918,"N","SR MU",0,1
670,"243221",7596,5,"MC","A",4,2,1,0,"EL","6-4: TEXT STRUCTURES",4,2,1,1,6,0.132822478,0.263678593,3,30.29098,"1756",44918,NA,"SR MU",0,1
670,"243284",7590,5,"MC","A",4,2,1,0,"EL","1-4: KEY DETAILS: US",4,2,1,1,1,0.383140148,0.146219547,3,40.85594,"1756",44918,NA,"SR SI",0,1
670,"243304",7592,5,"MC","C",4,2,1,0,"EL","2-4: CENTRAL IDEAS:",4,2,1,1,2,0.530586371,0.295411339,3,31.13187,"1756",44918,NA,"SR SI",0,1
670,"241806",8706,5,"MC","B",4,2,1,0,"EL","7-4: LANGUAGE USE: D",4,2,1,1,7,0.652162752,0.34950372,3,59.18962,"1758",44760,NA,"SR SI",0,1
670,"241946",9101,5,"MC","C",4,2,1,0,"EL","5-4: ANALYSIS WITHIN",4,4,1,1,5,0.180740741,0.355847529,3,41.69427,"1758",44760,NA,"EBSR:",0,1
670,"242116",8705,5,"MC","B",4,2,1,0,"EL","5-4: ANALYSIS WITHIN",4,4,1,1,5,0.241773963,0.406845362,3,34.23863,"1758",44760,NA,"SR MU",0,1
670,"243111",7611,1,"CR","0",0,3,2,0,"EL","2-4: CENTRAL IDEAS:",4,3,1,1,2,0.049274744,0.306352906,3,72.33717,"1758",44760,NA,"SHORT",0,1
670,"243134",7607,5,"MC","C",4,2,1,0,"EL","3-4: WORD MEANINGS:",4,1,1,1,3,0.544640859,0.48532654,3,45.14691,"1758",44760,NA,"SR SI",0,1
670,"243141",7653,5,"MC","B",4,2,1,0,"EL","4-4: REASONING & EVA",4,3,1,1,4,0.262483131,0.448304955,3,34.13531,"1758",44760,NA,"EBSR:",0,1
670,"243184",7609,1,"CR","0",0,3,2,0,"EL","4-4: REASONING & EVA",4,3,1,1,4,0.074026686,0.312785793,3,87.79478,"1758",44760,NA,"SHORT",0,1
670,"243192",7651,5,"MC","HT",4,2,1,0,"EL","2-4: CENTRAL IDEAS:",4,2,1,1,2,0.018857304,0.135386483,3,NA,"1758",44760,"N","HOT T",0,1
670,"243194",7613,5,"MC","D",4,2,1,0,"EL","6-4: TEXT STRUCTURES",4,3,1,1,6,0.373611111,0.345915375,3,23.93503,"1758",44760,NA,"SR SI",0,1
670,"243301",7652,5,"MC","HT",4,2,1,0,"EL","1-4: KEY DETAILS: US",4,1,1,1,1,0.567311923,0.355766313,3,58.90886,"1758",44760,NA,"HOT T",0,1
670,"243309",7614,5,"MC","D",4,2,1,0,"EL","6-4: TEXT STRUCTURES",4,3,1,1,6,0.01978691,0.113989955,3,NA,"1758",44760,"N","SR MU",0,1
669,"240747",8828,5,"MC","D",4,2,1,0,"EL","5-3: ANALYSIS WITHIN",3,4,1,1,5,0.366666667,0.427803972,3,NA,"1760",44632,"N","SR SI",0,1
669,"240861",8827,5,"MC","B",4,2,1,0,"EL","5-3: ANALYSIS WITHIN",3,3,1,1,5,0.463840399,0.166891817,3,NA,"1760",44632,"N","SR SI",0,1
669,"240985",7628,5,"MC","HT",4,2,1,0,"EL","3-3: WORD MEANINGS:",3,2,1,1,3,0.450769678,0.597355023,3,62.8297,"1760",44632,NA,"HOT T",0,1
669,"241069",7625,5,"MC","C",4,2,1,0,"EL","1-3: KEY DETAILS: US",3,2,1,1,1,0.530555556,0.518498022,3,50.14864,"1760",44632,NA,"SR SI",0,1
669,"241071",7630,5,"MC","HT",4,2,1,0,"EL","4-3: REASONING & EVI",3,3,1,1,4,0.005643341,-0.002962969,3,NA,"1760",44632,"N","HOT T",0,1
669,"241182",7624,5,"MC","D",4,2,1,0,"EL","1-3: KEY DETAILS: US",3,1,1,1,1,0.404328733,0.547282563,3,72.36977,"1760",44632,NA,"SR SI",0,1
669,"241184",7627,5,"MC","B",4,2,1,0,"EL","3-3: WORD MEANINGS:",3,1,1,1,3,0.305269187,0.581541888,3,52.63515,"1760",44632,NA,"SR MU",0,1
669,"241186",7629,1,"CR","0",0,3,2,0,"EL","4-3: REASONING & EVI",3,3,1,1,4,0.016371574,0.1979125,3,NA,"1760",44632,"N","SHORT",0,1
669,"241307",7954,5,"MC","D",4,2,1,0,"EL","6-3: TEXT STRUCTURES",3,3,1,1,6,0.205445545,0.438550419,3,NA,"1760",44632,"N","SR MU",0,1
669,"240869",8835,5,"MC","A",4,2,1,0,"EL","11-3: REASONING & EV",3,3,1,2,11,0.255916775,0.409604841,3,82.35752,"1761",44665,NA,"EBSR:",0,1
669,"240908",8621,5,"MC","A",4,2,1,0,"EL","11-3: REASONING & EV",3,3,1,2,11,0.283498262,0.291409758,3,46.32014,"1761",44665,NA,"EBSR:",0,1
669,"240972",7637,5,"MC","B",4,2,1,0,"EL","14-3: LANGUAGE USE:",3,2,1,2,14,0.549270073,0.488609152,3,53.66057,"1761",44665,NA,"SR SI",0,1
669,"241014",7633,5,"MC","A",4,2,1,0,"EL","8-3: KEY DETAILS: US",3,2,1,2,8,0.08629131,0.150355117,3,47.59126,"1761",44665,NA,"SR MU",0,1
669,"241073",7635,5,"MC","HT",4,2,1,0,"EL","9-3: CENTRAL IDEAS:",3,2,1,2,9,0.171004685,0.021953723,3,NA,"1761",44665,"N","HOT T",0,1
669,"241190",7634,5,"MC","C",4,2,1,0,"EL","9-3: CENTRAL IDEAS:",3,2,1,2,9,0.61389253,0.493009433,3,58.30637,"1761",44665,NA,"SR SI",0,1
669,"241192",7636,5,"MC","D",4,2,1,0,"EL","10-3: WORD MEANINGS:",3,2,1,2,10,0.274137931,0.110847104,3,NA,"1761",44665,"N","SR SI",0,1
669,"240743",8649,5,"MC","D",4,2,1,0,"EL","12-3: ANALYSIS WITHI",3,3,1,2,12,0.461682243,0.421761079,3,32.15129,"1768",44630,NA,"SR SI",0,1
669,"240988",7691,5,"MC","D",4,2,1,0,"EL","13-3: TEXT STRUCTURE",3,2,1,2,13,0.430764507,0.346959517,3,32.15406,"1768",44630,NA,"SR SI",0,1
669,"241084",7689,5,"MC","HT",4,2,1,0,"EL","9-3: CENTRAL IDEAS:",3,2,1,2,9,0.173673674,0.314104924,3,38.32805,"1768",44630,NA,"HOT T",0,1
669,"241112",7784,5,"MC","HT",4,2,1,0,"EL","11-3: REASONING & EV",3,3,1,2,11,0.025329736,0.207379215,3,32.40853,"1768",44630,NA,"HOT T",0,1
669,"241213",7688,5,"MC","C",4,2,1,0,"EL","9-3: CENTRAL IDEAS:",3,2,1,2,9,0.286302395,0.201282144,3,NA,"1768",44630,"N","SR SI",0,1
669,"241215",7690,5,"MC","D",4,2,1,0,"EL","10-3: WORD MEANINGS:",3,1,1,2,10,0.395749359,0.480642384,3,36.92235,"1768",44630,NA,"SR SI",0,1
669,"241315",7988,5,"MC","B",4,2,1,0,"EL","8-3: KEY DETAILS: US",3,1,1,2,8,0.474204171,0.437880607,3,93.36465,"1768",44630,NA,"SR SI",0,1
669,"240720",8611,5,"MC","D",4,2,1,0,"EL","11-3: REASONING & EV",3,3,1,2,11,0.296885355,0.535790031,3,23.97687,"1773",44617,NA,"EBSR:",0,1
669,"240785",8609,5,"MC","B",4,2,1,0,"EL","14-3: LANGUAGE USE:",3,2,1,2,14,0.45047993,0.356758786,3,117.05407,"1773",44617,NA,"SR SI",0,1
669,"240860",8608,5,"MC","A",4,2,1,0,"EL","12-3: ANALYSIS WITHI",3,3,1,2,12,0.12033195,0.199261354,3,41.20848,"1773",44617,NA,"SR MU",0,1
669,"240990",7718,5,"MC","C",4,2,1,0,"EL","10-3: WORD MEANINGS:",3,2,1,2,10,0.514951321,0.297965054,3,54.78916,"1773",44617,NA,"SR SI",0,1
669,"241025",7722,5,"MC","A",4,2,1,0,"EL","13-3: TEXT STRUCTURE",3,2,1,2,13,0.028430953,0.093399915,3,NA,"1773",44617,"N","SR MU",0,1
669,"241094",7720,1,"CR","0",0,3,2,0,"EL","9-3: CENTRAL IDEAS:",3,3,1,2,9,0.083087305,0.345443954,3,100.55005,"1773",44617,NA,"SHORT",0,1
669,"241136",7992,5,"MC","HT",4,2,1,0,"EL","10-3: WORD MEANINGS:",3,2,1,2,10,0.475772472,0.214470402,3,23.55099,"1773",44617,NA,"HOT T",0,1
669,"241231",7717,5,"MC","B",4,2,1,0,"EL","13-3: TEXT STRUCTURE",3,3,1,2,13,0.465346535,0.267987525,3,NA,"1773",44617,"N","SR SI",0,1
669,"241233",7719,5,"MC","D",4,2,1,0,"EL","9-3: CENTRAL IDEAS:",3,2,1,2,9,0.346958481,0.290493887,3,48.74632,"1773",44617,NA,"SR SI",0,1
669,"241235",7721,5,"MC","HT",4,2,1,0,"EL","8-3: KEY DETAILS: US",3,2,1,2,8,0.481441827,0.603405195,3,60.35085,"1773",44617,NA,"HOT T",0,1
669,"241237",7723,5,"MC","D",4,2,1,0,"EL","8-3: KEY DETAILS: US",3,2,1,2,8,0.280111073,0.353098006,3,68.30193,"1773",44617,NA,"SR SI",0,1
671,"241809",8949,5,"MC","HT",4,2,1,0,"EL","5-5: ANALYSIS WITHIN",5,3,1,1,5,0.046904315,0.137398838,3,NA,"1807",44762,"N","HOT T",0,1
671,"241898",8951,5,"MC","C",4,2,1,0,"EL","7-5: LANGUAGE USE: I",5,2,1,1,7,0.309852876,0.41992893,3,79.83807,"1807",44762,NA,"SR MU",0,1
671,"242001",8950,5,"MC","C",4,2,1,0,"EL","7-5: LANGUAGE USE: I",5,3,1,1,7,0.461904762,0.336346615,3,NA,"1807",44762,"N","SR SI",0,1
671,"242421",8559,5,"MC","C",4,2,1,0,"EL","5-5: ANALYSIS WITHIN",5,3,1,1,5,0.290806754,0.547460407,3,19.59939,"1807",44762,NA,"SR MU",0,1
671,"242996",7965,5,"MC","D",4,2,1,0,"EL","1-5: KEY DETAILS: US",5,2,1,1,1,0.160629582,-0.135926295,3,NA,"1807",44762,"N","SR SI",0,1
671,"243100",7752,1,"CR","0",0,3,2,0,"EL","4-5: REASONING & EVI",5,3,1,1,4,0.28813237,0.607356403,3,78.85152,"1807",44762,NA,"SHORT",0,1
671,"243167",7742,1,"CR","0",0,3,2,0,"EL","2-5: CENTRAL IDEAS:",5,3,1,1,2,0.108225108,0.39440517,3,61.16959,"1807",44762,NA,"SHORT",0,1
671,"243168",7754,5,"MC","E",4,2,1,0,"EL","6-5: TEXT STRUCTURES",5,2,1,1,6,0.034414295,0.155419817,3,46.86668,"1807",44762,NA,"SR MU",0,1
671,"243246",7741,5,"MC","C",4,2,1,0,"EL","2-5: CENTRAL IDEAS:",5,2,1,1,2,0.49296341,0.530357019,3,35.48114,"1807",44762,NA,"EBSR:",0,1
671,"243247",7743,5,"MC","B",4,2,1,0,"EL","3-5: WORD MEANINGS:",5,2,1,1,3,0.396336207,0.247670106,3,72.80023,"1807",44762,NA,"SR SI",0,1
671,"243248",7753,5,"MC","B",4,2,1,0,"EL","6-5: TEXT STRUCTURES",5,2,1,1,6,0.807422267,0.491873613,3,49.04227,"1807",44762,NA,"SR SI",0,1
670,"241914",9016,5,"MC","A",4,2,1,0,"EL","5-4: ANALYSIS WITHIN",4,3,1,1,5,0.455670103,0.255891743,3,NA,"1808",44806,"N","SR SI",0,1
670,"242826",7906,5,"MC","HT",4,2,1,0,"EL","4-4: REASONING & EVA",4,3,1,1,4,0.149876684,0.375865046,3,33.10826,"1808",44806,NA,"HOT T",0,1
670,"242968",7905,5,"MC","HT",4,2,1,0,"EL","1-4: KEY DETAILS: US",4,2,1,1,1,0.411786929,0.42661285,3,42.979,"1808",44806,NA,"HOT T",0,1
670,"243128",7756,5,"MC","D",4,2,1,0,"EL","6-4: TEXT STRUCTURES",4,2,1,1,6,0.467080317,0.470105417,3,47.89009,"1808",44806,NA,"SR SI",0,1
670,"243169",7758,5,"MC","D",4,2,1,0,"EL","2-4: CENTRAL IDEAS:",4,2,1,1,2,0.383535194,0.260098457,3,54.40423,"1808",44806,NA,"SR SI",0,1
670,"243249",7755,5,"MC","B",4,2,1,0,"EL","2-4: CENTRAL IDEAS:",4,2,1,1,2,0.110080504,0.273458907,3,32.61902,"1808",44806,NA,"EBSR:",0,1
670,"243250",7757,5,"MC","B",4,2,1,0,"EL","4-4: REASONING & EVA",4,3,1,1,4,0.249340369,0.365983347,3,49.78745,"1808",44806,NA,"EBSR:",0,1
670,"243302",7844,5,"MC","A",4,2,1,0,"EL","3-4: WORD MEANINGS:",4,1,1,1,3,0.657173371,0.567026429,3,42.3701,"1808",44806,NA,"SR SI",0,1
669,"240776",8645,5,"MC","C",4,2,1,0,"EL","12-3: ANALYSIS WITHI",3,3,1,2,12,0.257022472,0.032949391,3,NA,"1813",44648,"N","SR SI",0,1
669,"240843",8644,5,"MC","B",4,2,1,0,"EL","11-3: REASONING & EV",3,3,1,2,11,0.315420561,0.497569343,3,25.02567,"1813",44648,NA,"EBSR:",0,1
669,"240845",8646,5,"MC","B",4,2,1,0,"EL","14-3: LANGUAGE USE:",3,2,1,2,14,0.062027232,0.181463204,3,37.77402,"1813",44648,NA,"SR MU",0,1
669,"241033",7782,5,"MC","B",4,2,1,0,"EL","10-3: WORD MEANINGS:",3,2,1,2,10,0.180367505,0.439498173,3,42.44302,"1813",44648,NA,"SR MU",0,1
669,"241110",7780,5,"MC","A",4,2,1,0,"EL","8-3: KEY DETAILS: US",3,2,1,2,8,0.599135602,0.39261013,3,19.9279,"1813",44648,NA,"SR SI",0,1
669,"241267",7781,5,"MC","D",4,2,1,0,"EL","9-3: CENTRAL IDEAS:",3,2,1,2,9,0.275767544,0.218182967,3,41.4351,"1813",44648,NA,"SR SI",0,1
669,"241269",7783,5,"MC","B",4,2,1,0,"EL","13-3: TEXT STRUCTURE",3,3,1,2,13,0.057324841,0.117922471,3,NA,"1813",44648,"N","SR MU",0,1
669,"240813",8628,5,"MC","D",4,2,1,0,"EL","14-3: LANGUAGE USE:",3,2,1,2,14,0.63236715,0.635137716,3,35.35839,"1832",44661,NA,"SR SI",0,1
669,"240937",9204,5,"MC","HT",4,2,1,0,"EL","11-3: REASONING & EV",3,3,1,2,11,0.171328671,0.325883015,3,43.58588,"1832",44661,NA,"HOT T",0,1
669,"241041",7901,1,"CR","0",0,3,2,0,"EL","9-3: CENTRAL IDEAS:",3,3,1,2,9,0.0400982,0.294887248,3,NA,"1832",44661,"N","SHORT",0,1
669,"241289",7851,5,"MC","B",4,2,1,0,"EL","14-3: LANGUAGE USE:",3,2,1,2,14,0.474059971,0.312197951,3,37.8729,"1832",44661,NA,"SR SI",0,1
669,"241295",7865,5,"MC","C",4,2,1,0,"EL","13-3: TEXT STRUCTURE",3,2,1,2,13,0.136329866,0.274661785,3,53.17709,"1832",44661,NA,"SR MU",0,1
669,"241301",7902,5,"MC","C",4,2,1,0,"EL","8-3: KEY DETAILS: US",3,2,1,2,8,0.399479747,0.415500636,3,68.90609,"1832",44661,NA,"SR SI",0,1
669,"240718",9198,5,"MC","A",4,2,1,0,"EL","12-3: ANALYSIS WITHI",3,3,1,2,12,0.55,0.406351605,3,43.69153,"1833",44615,NA,"SR SI",0,1
669,"240820",9200,5,"MC","A",4,2,1,0,"EL","12-3: ANALYSIS WITHI",3,3,1,2,12,0.253630203,0.397668975,3,35.82235,"1833",44615,NA,"SR MU",0,1
669,"240931",9199,5,"MC","B",4,2,1,0,"EL","14-3: LANGUAGE USE:",3,2,1,2,14,0.466606225,0.390576233,3,110.58088,"1833",44615,NA,"SR SI",0,1
669,"241039",7862,5,"MC","C",4,2,1,0,"EL","13-3: TEXT STRUCTURE",3,2,1,2,13,0.195298897,0.420677593,3,93.22825,"1833",44615,NA,"SR MU",0,1
669,"241122",7860,5,"MC","C",4,2,1,0,"EL","8-3: KEY DETAILS: US",3,2,1,2,8,0.434106963,0.466843508,3,112.63475,"1833",44615,NA,"SR SI",0,1
669,"241124",7864,5,"MC","D",4,2,1,0,"EL","9-3: CENTRAL IDEAS:",3,2,1,2,9,0.305208651,0.43118286,3,42.29852,"1833",44615,NA,"EBSR:",0,1
669,"241126",7879,1,"CR","0",0,3,2,0,"EL","9-3: CENTRAL IDEAS:",3,3,1,2,9,0.124117428,0.4817088,3,89.48853,"1833",44615,NA,"SHORT",0,1
669,"241291",7861,5,"MC","D",4,2,1,0,"EL","10-3: WORD MEANINGS:",3,1,1,2,10,0.635953212,0.515033836,3,55.91201,"1833",44615,NA,"SR SI",0,1
669,"241293",7863,5,"MC","B",4,2,1,0,"EL","11-3: REASONING & EV",3,3,1,2,11,0.214019389,0.429144068,3,29.43312,"1833",44615,NA,"EBSR:",0,1
669,"240774",8641,5,"MC","A",4,2,1,0,"EL","12-3: ANALYSIS WITHI",3,3,1,2,12,0.169934641,0.286669585,3,40.90382,"212",44646,NA,"SR MU",0,1
669,"240839",8638,5,"MC","A",4,2,1,0,"EL","13-3: TEXT STRUCTURE",3,2,1,2,13,0.319238309,-0.02545397,3,NA,"212",44646,"N","SR SI",0,1
669,"240841",8642,5,"MC","D",4,2,1,0,"EL","11-3: REASONING & EV",3,3,1,2,11,0.317865429,0.519226942,3,NA,"212",44646,"N","EBSR:",0,1
669,"241056",6274,5,"MC","D",4,2,1,0,"EL","10-3: WORD MEANINGS:",3,1,1,2,10,0.246701847,0.217798615,3,33.0569,"212",44646,NA,"SR SI",0,1
669,"241068",6406,5,"MC","B",4,2,1,0,"EL","14-3: LANGUAGE USE:",3,2,1,2,14,0.270711501,0.462975223,3,58.13772,"212",44646,NA,"SR MU",0,1
669,"241179",6405,5,"MC","A",4,2,1,0,"EL","13-3: TEXT STRUCTURE",3,2,1,2,13,0.179662953,0.355279442,3,44.95981,"212",44646,NA,"SR MU",0,1
669,"241187",6536,5,"MC","HT",4,2,1,0,"EL","10-3: WORD MEANINGS:",3,2,1,2,10,0.400628213,0.431650162,3,48.57826,"212",44646,NA,"HOT T",0,1
670,"244301",5615,5,"MC","HT",4,2,1,0,"EL","11-4: REASONING & EV",4,3,1,2,11,0.109465441,0.174737743,3,45.05547,"229",45047,NA,"HOT T",0,1
670,"244345",5611,5,"MC","B",4,2,1,0,"EL","9-4: CENTRAL IDEAS:",4,2,1,2,9,0.149782574,0.296173476,3,44.09765,"229",45047,NA,"SR MU",0,1
670,"244399",5613,5,"MC","HT",4,2,1,0,"EL","9-4: CENTRAL IDEAS:",4,2,1,2,9,0.124046111,0.414275262,3,87.1263,"229",45047,NA,"HOT T",0,1
670,"244512",5612,5,"MC","B",4,2,1,0,"EL","9-4: CENTRAL IDEAS:",4,2,1,2,9,0.529584352,0.345822602,3,74.56342,"229",45047,NA,"SR SI",0,1
670,"244514",5614,5,"MC","C",4,2,1,0,"EL","11-4: REASONING & EV",4,3,1,2,11,0.227455582,0.443636819,3,32.69265,"229",45047,NA,"EBSR:",0,1
670,"244516",5616,5,"MC","HT",4,2,1,0,"EL","11-4: REASONING & EV",4,3,1,2,11,0.159793814,0.403354125,3,42.85127,"229",45047,NA,"HOT T",0,1
670,"242212",8637,5,"MC","B",4,2,1,0,"EL","7-4: LANGUAGE USE: D",4,3,1,1,7,0.341269841,0.497109881,3,NA,"242",44887,"N","SR MU",0,1
670,"242294",8636,5,"MC","A",4,2,1,0,"EL","7-4: LANGUAGE USE: D",4,3,1,1,7,0.476923077,0.295548564,3,NA,"242",44887,"N","SR SI",0,1
670,"243030",7986,5,"MC","A",4,2,1,0,"EL","4-4: REASONING & EVA",4,3,1,1,4,0.270758123,0.332861867,3,26.56171,"242",44887,NA,"EBSR:",0,1
670,"243351",7343,5,"MC","HT",4,2,1,0,"EL","3-4: WORD MEANINGS:",4,2,1,1,3,0.541691662,0.416082132,3,47.34577,"242",44887,NA,"HOT T",0,1
670,"243420",7345,1,"CR","0",0,3,2,0,"EL","4-4: REASONING & EVA",4,3,1,1,4,0.143274221,0.341814387,3,86.16315,"242",44887,NA,"SHORT",0,1
670,"243493",7341,1,"CR","0",0,3,2,0,"EL","2-4: CENTRAL IDEAS:",4,3,1,1,2,0.123381569,0.487547596,3,48.34294,"242",44887,NA,"SHORT",0,1
670,"243496",7344,5,"MC","C",4,2,1,0,"EL","7-4: LANGUAGE USE: D",4,2,1,1,7,0.145958987,0.426205942,3,52.92439,"242",44887,NA,"SR MU",0,1
670,"243498",7346,5,"MC","A",4,2,1,0,"EL","6-4: TEXT STRUCTURES",4,2,1,1,6,0.40295858,0.119613166,3,42.78131,"242",44887,NA,"SR SI",0,1
670,"243639",7342,5,"MC","C",4,2,1,0,"EL","2-4: CENTRAL IDEAS:",4,2,1,1,2,0.39245895,0.359058249,3,71.7942,"242",44887,NA,"SR SI",0,1
670,"243752",6534,5,"MC","HT",4,2,1,0,"EL","1-4: KEY DETAILS: US",4,2,1,1,1,0.05468259,0.181832068,3,40.81867,"242",44887,NA,"HOT T",0,1
670,"243866",6535,5,"MC","A",4,2,1,0,"EL","1-4: KEY DETAILS: US",4,2,1,1,1,0.470864662,0.358158447,3,82.5834,"242",44887,NA,"SR SI",0,1
671,"241993",8919,5,"MC","A",4,2,1,0,"EL","14-5: LANGUAGE USE:",5,2,1,2,14,0.149977548,0.264969893,3,47.80524,"258",44820,NA,"SR MU",0,1
671,"244390",5331,5,"MC","D",4,2,1,0,"EL","9-5: CENTRAL IDEAS:",5,2,1,2,9,0.438786566,0.582661316,3,38.81629,"258",44820,NA,"EBSR:",0,1
671,"244396",5335,5,"MC","A",4,2,1,0,"EL","8-5: KEY DETAILS: US",5,1,1,2,8,0.392130258,0.241733921,3,58.11207,"258",44820,NA,"SR SI",0,1
671,"244497",5332,5,"MC","B",4,2,1,0,"EL","11-5: REASONING & EV",5,3,1,2,11,0.14848144,0.302097329,3,42.30451,"258",44820,NA,"EBSR:",0,1
671,"244504",5334,5,"MC","HT",4,2,1,0,"EL","11-5: REASONING & EV",5,3,1,2,11,0.126582279,0.346682595,3,40.02464,"258",44820,NA,"HOT T",0,1
671,"244511",5336,5,"MC","B",4,2,1,0,"EL","13-5: TEXT STRUCTURE",5,2,1,2,13,0.217102348,-0.143365473,3,NA,"258",44820,"N","SR SI",0,1
671,"244630",5333,5,"MC","D",4,2,1,0,"EL","11-5: REASONING & EV",5,3,1,2,11,0.256719693,0.472490317,3,40.00367,"258",44820,NA,"EBSR:",0,1
671,"242168",8639,5,"MC","D",4,2,1,0,"EL","3-5: WORD MEANINGS:",5,1,1,1,3,0.689804052,0.236471608,3,NA,"262",44866,"N","SR SI",0,1
671,"242296",8640,5,"MC","D",4,2,1,0,"EL","7-5: LANGUAGE USE: I",5,2,1,1,7,0.523463078,0.417702775,3,51.99251,"262",44866,NA,"SR SI",0,1
671,"243099",7682,5,"MC","HT",4,2,1,0,"EL","2-5: CENTRAL IDEAS:",5,2,1,1,2,0.498538487,0.283475197,3,38.62138,"262",44866,NA,"HOT T",0,1
671,"243126",7686,5,"MC","B",4,2,1,0,"EL","5-5: ANALYSIS WITHIN",5,3,1,1,5,0.722222222,0.393293709,3,NA,"262",44866,"N","SR SI",0,1
671,"243164",7684,5,"MC","C",4,2,1,0,"EL","4-5: REASONING & EVI",5,3,1,1,4,0.44372442,0.570257358,3,48.11916,"262",44866,NA,"EBSR:",0,1
671,"243234",7681,5,"MC","A",4,2,1,0,"EL","1-5: KEY DETAILS: US",5,1,1,1,1,0.576301616,0.415627795,3,50.65978,"262",44866,NA,"SR SI",0,1
671,"243238",7683,5,"MC","C",4,2,1,0,"EL","2-5: CENTRAL IDEAS:",5,2,1,1,2,0.510381458,0.390990955,3,43.33096,"262",44866,NA,"SR SI",0,1
671,"243241",7685,5,"MC","HT",4,2,1,0,"EL","4-5: REASONING & EVI",5,3,1,1,4,0.401577446,0.546240106,3,61.43216,"262",44866,NA,"HOT T",0,1
671,"243244",7687,5,"MC","D",4,2,1,0,"EL","6-5: TEXT STRUCTURES",5,2,1,1,6,0.147793363,0.329015301,3,51.9014,"262",44866,NA,"SR MU",0,1
670,"242587",2332,5,"MC","C",4,2,1,0,"EL","5-4: ANALYSIS WITHIN",4,3,1,1,5,0.236203091,0.019197117,3,NA,"508",44954,"N","SR SI",0,1
670,"242865",2279,5,"MC","HT",4,2,1,0,"EL","4-4: REASONING & EVA",4,3,1,1,4,0.150724638,0.31895341,3,NA,"508",44954,"N","HOT T",0,1
670,"245178",1919,1,"CR","0",0,3,2,0,"EL","2-4: CENTRAL IDEAS:",4,3,1,1,2,0.071748879,0.401925108,3,45.94223,"508",44954,NA,"SHORT",0,1
670,"245180",1921,5,"MC","D",4,2,1,0,"EL","3-4: WORD MEANINGS:",4,2,1,1,3,0.405242355,0.465614416,3,72.04927,"508",44954,NA,"SR SI",0,1
670,"245182",1923,1,"CR","0",0,3,2,0,"EL","4-4: REASONING & EVA",4,3,1,1,4,0.092517007,0.426120008,3,114.89346,"508",44954,NA,"SHORT",0,1
669,"240838",8355,5,"MC","D",4,2,1,0,"EL","5-3: ANALYSIS WITHIN",3,3,1,1,5,0.387706856,0.494798769,3,24.85702,"597",44664,NA,"SR SI",0,1
669,"241130",7953,5,"MC","C",4,2,1,0,"EL","3-3: WORD MEANINGS:",3,1,1,1,3,0.706820902,0.528655396,3,55.6237,"597",44664,NA,"SR SI",0,1
669,"241383",3563,5,"MC","A",4,2,1,0,"EL","7-3: LANGUAGE USE: I",3,2,1,1,7,0.705541471,0.459977106,3,54.22764,"597",44664,NA,"SR SI",0,1
669,"241486",4732,5,"MC","C",4,2,1,0,"EL","4-3: REASONING & EVI",3,3,1,1,4,0.347457627,0.573078178,3,54.95844,"597",44664,NA,"EBSR:",0,1
669,"241633",4730,5,"MC","D",4,2,1,0,"EL","2-3: CENTRAL IDEAS:",3,2,1,1,2,0.14813016,0.480131873,3,31.7816,"597",44664,NA,"EBSR:",0,1
670,"241932",8832,5,"MC","C",4,2,1,0,"EL","7-4: LANGUAGE USE: D",4,3,1,1,7,0.272727273,-0.021399954,3,NA,"750",44812,"N","SR SI",0,1
670,"242067",8831,5,"MC","HT",4,2,1,0,"EL","5-4: ANALYSIS WITHIN",4,4,1,1,5,0.004889976,-0.02703097,3,NA,"750",44812,"N","HOT T",0,1
670,"243431",7238,5,"MC","HT",4,2,1,0,"EL","4-4: REASONING & EVA",4,3,1,1,4,0.277777778,0.447359156,3,NA,"750",44812,"N","HOT T",0,1
670,"245689",3723,5,"MC","A",4,2,1,0,"EL","3-4: WORD MEANINGS:",4,2,1,1,3,0.463731866,0.509550214,3,56.90497,"750",44812,NA,"SR MU",0,1
670,"245791",3724,1,"CR","0",0,3,2,0,"EL","4-4: REASONING & EVA",4,3,1,1,4,0.14893617,0.500318858,3,46.70586,"750",44812,NA,"SHORT",0,1
670,"245935",3601,5,"MC","A",4,2,1,0,"EL","6-4: TEXT STRUCTURES",4,3,1,1,6,0.620087336,0.402010499,3,NA,"750",44812,"N","SR SI",0,1
670,"245965",3597,5,"MC","B",4,2,1,0,"EL","1-4: KEY DETAILS: US",4,1,1,1,1,0.645938375,0.495652252,3,45.75701,"750",44812,NA,"SR SI",0,1
670,"246031",3599,5,"MC","B",4,2,1,0,"EL","2-4: CENTRAL IDEAS:",4,2,1,1,2,0.483870968,0.640235606,3,48.81218,"750",44812,NA,"EBSR:",0,1
670,"246154",3596,5,"MC","D",4,2,1,0,"EL","1-4: KEY DETAILS: US",4,2,1,1,1,0.207433451,0.437104603,3,51.96143,"750",44812,NA,"SR MU",0,1
670,"246155",3598,1,"CR","0",0,3,2,0,"EL","2-4: CENTRAL IDEAS:",4,3,1,1,2,0.134366925,0.436643861,3,45.66534,"750",44812,NA,"SHORT",0,1
670,"246159",3602,5,"MC","A",4,2,1,0,"EL","6-4: TEXT STRUCTURES",4,3,1,1,6,0.107623318,0.272048851,3,NA,"750",44812,"N","SR MU",0,1
670,"246279",2413,1,"CR","0",0,3,2,0,"EL","9-4: CENTRAL IDEAS:",4,3,1,2,9,0.135044643,0.406680063,3,62.90106,"94",45298,NA,"SHORT",0,1
670,"246286",2417,5,"MC","B",4,2,1,0,"EL","14-4: LANGUAGE USE:",4,3,1,2,14,0.457792208,0.29532144,3,37.50618,"94",45298,NA,"SR SI",0,1
670,"246327",2415,1,"CR","0",0,3,2,0,"EL","11-4: REASONING & EV",4,3,1,2,11,0.04427925,0.336413172,3,61.58193,"94",45298,NA,"SHORT",0,1
670,"246388",2411,5,"MC","B",4,2,1,0,"EL","8-4: KEY DETAILS: US",4,1,1,2,8,0.199104235,-0.23645138,3,NA,"94",45298,"N","SR MU",0,1
670,"246412",2414,5,"MC","HT",4,2,1,0,"EL","10-4: WORD MEANINGS:",4,2,1,2,10,0.638549307,0.550020211,3,49.44141,"94",45298,NA,"HOT T",0,1
670,"246423",2416,5,"MC","A",4,2,1,0,"EL","12-4: ANALYSIS WITHI",4,3,1,2,12,0.133606557,0.213855798,3,52.2338,"94",45298,NA,"SR MU",0,1
670,"246438",2418,5,"MC","C",4,2,1,0,"EL","14-4: LANGUAGE USE:",4,3,1,2,14,0.006535948,0.068297018,3,NA,"94",45298,"N","SR MU",0,1
670,"246561",2412,5,"MC","B",4,2,1,0,"EL","8-4: KEY DETAILS: US",4,2,1,2,8,0.146301594,0.293984695,3,44.88164,"94",45298,NA,"SR MU",0,1
669,"240728",8665,5,"MC","B",4,2,1,0,"EL","5-3: ANALYSIS WITHIN",3,3,1,1,5,0.103305785,0.291750593,3,NA,NA,44622,"N","SR MU",1,0
669,"240746",8595,5,"MC","C",4,2,1,0,"EL","11-3: REASONING & EV",3,3,1,2,11,0.394025605,0.611103091,3,36.57437,NA,44631,NA,"EBSR:",1,0
669,"240780",8660,5,"MC","C",4,2,1,0,"EL","14-3: LANGUAGE USE:",3,3,1,2,14,0.125748503,0.253037633,3,NA,NA,44650,"N","SR MU",1,0
669,"240782",8662,5,"MC","D",4,2,1,0,"EL","5-3: ANALYSIS WITHIN",3,4,1,1,5,0.294776119,0.213931675,3,NA,NA,44651,"N","SR SI",1,0
669,"240818",9193,5,"MC","D",4,2,1,0,"EL","14-3: LANGUAGE USE:",3,2,1,2,14,0.333249686,0.229558252,3,33.0882,NA,44631,NA,"SR SI",1,0
669,"240851",8659,5,"MC","A",4,2,1,0,"EL","12-3: ANALYSIS WITHI",3,3,1,2,12,0.258726899,0.425340524,3,56.5867,NA,44650,NA,"SR MU",1,0
669,"240853",8661,5,"MC","A",4,2,1,0,"EL","14-3: LANGUAGE USE:",3,2,1,2,14,0.637804062,0.397937356,3,86.41092,NA,44650,NA,"SR SI",1,0
669,"240857",8664,5,"MC","B",4,2,1,0,"EL","5-3: ANALYSIS WITHIN",3,4,1,1,5,0.072368421,0.264956022,3,NA,NA,44622,"N","EBSR:",1,0
669,"240885",9015,5,"MC","D",4,2,1,0,"EL","5-3: ANALYSIS WITHIN",3,3,1,1,5,0.386831276,0.552284077,3,NA,NA,44651,"N","SR SI",1,0
669,"240920",8629,5,"MC","HT",4,2,1,0,"EL","11-3: REASONING & EV",3,3,1,2,11,0.254716981,0.530444761,3,38.37105,NA,44650,NA,"HOT T",1,0
669,"240927",9192,5,"MC","A",4,2,1,0,"EL","12-3: ANALYSIS WITHI",3,3,1,2,12,0.594771242,0.388470522,3,31.04359,NA,44631,NA,"SR SI",1,0
669,"240929",9194,1,"CR","0",0,3,2,0,"EL","11-3: REASONING & EV",3,3,1,2,11,0.016024418,0.18193026,3,NA,NA,44631,"N","SHORT",1,0
669,"240935",9202,5,"MC","D",4,2,1,0,"EL","5-3: ANALYSIS WITHIN",3,4,1,1,5,0.4,0.621237033,3,23.52921,NA,44671,NA,"SR SI",1,0
669,"240987",7646,5,"MC","D",4,2,1,0,"EL","7-3: LANGUAGE USE: I",3,2,1,1,7,0.698514344,0.548185199,3,65.73386,NA,44651,NA,"SR SI",1,0
669,"240994",7766,5,"MC","D",4,2,1,0,"EL","7-3: LANGUAGE USE: I",3,3,1,1,7,0.577878104,0.52005321,3,NA,NA,44671,"N","SR SI",1,0
669,"240997",7354,5,"MC","A",4,2,1,0,"EL","1-3: KEY DETAILS: US",3,2,1,1,1,0.341287596,0.487050906,3,57.44939,NA,44622,NA,"SR MU",1,0
669,"241000",7981,5,"MC","A",4,2,1,0,"EL","3-3: WORD MEANINGS:",3,2,1,1,3,0.683032491,0.243549819,3,43.77893,NA,44671,NA,"SR SI",1,0
669,"241005",6272,1,"CR","0",0,3,2,0,"EL","9-3: CENTRAL IDEAS:",3,3,1,2,9,0.094432882,0.407803293,3,65.19754,NA,44631,NA,"SHORT",1,0
669,"241018",7671,5,"MC","C",4,2,1,0,"EL","2-3: CENTRAL IDEAS:",3,2,1,1,2,0.326599327,0.486449856,3,35.84304,NA,44671,NA,"EBSR:",1,0
669,"241021",7695,5,"MC","B",4,2,1,0,"EL","8-3: KEY DETAILS: US",3,2,1,2,8,0.148404993,0.46297011,3,52.53104,NA,44650,NA,"SR MU",1,0
669,"241045",7990,5,"MC","D",4,2,1,0,"EL","8-3: KEY DETAILS: US",3,2,1,2,8,0.45149592,0.45672637,3,34.95361,NA,44650,NA,"SR SI",1,0
669,"241052",6270,5,"MC","D",4,2,1,0,"EL","8-3: KEY DETAILS: US",3,2,1,2,8,0.661286255,0.633501129,3,46.24905,NA,44631,NA,"SR SI",1,0
669,"241077",7644,5,"MC","B",4,2,1,0,"EL","2-3: CENTRAL IDEAS:",3,2,1,1,2,0.638560835,0.360850325,3,64.67319,NA,44651,NA,"SR SI",1,0
669,"241111",7274,5,"MC","A",4,2,1,0,"EL","3-3: WORD MEANINGS:",3,1,1,1,3,0.642622951,0.401123097,3,43.86926,NA,44622,NA,"SR SI",1,0
669,"241119",7352,1,"CR","0",0,3,2,0,"EL","2-3: CENTRAL IDEAS:",3,3,1,1,2,0.067073171,0.284941258,3,50.18267,NA,44622,NA,"SHORT",1,0
669,"241123",7357,5,"MC","B",4,2,1,0,"EL","7-3: LANGUAGE USE: I",3,2,1,1,7,0.587355212,0.283291622,3,29.737,NA,44622,NA,"SR SI",1,0
669,"241125",1110,5,"MC","C",4,2,1,0,"EL","1-3: KEY DETAILS: US",3,1,1,1,1,0.440627776,0.381749307,3,53.36166,NA,44678,NA,"SR SI",1,0
669,"241134",1267,5,"MC","HT",4,2,1,0,"EL","4-3: REASONING & EVI",3,3,1,1,4,0.109164101,0.097756541,3,NA,NA,44678,"N","HOT T",1,0
669,"241151",6271,5,"MC","D",4,2,1,0,"EL","13-3: TEXT STRUCTURE",3,2,1,2,13,0.577578051,0.486052571,3,63.83901,NA,44631,NA,"SR SI",1,0
669,"241155",6273,5,"MC","C",4,2,1,0,"EL","9-3: CENTRAL IDEAS:",3,2,1,2,9,0.37232439,0.599210884,3,44.07253,NA,44631,NA,"EBSR:",1,0
669,"241194",7638,5,"MC","B",4,2,1,0,"EL","1-3: KEY DETAILS: US",3,2,1,1,1,0.427708147,0.266934707,3,46.936,NA,44671,NA,"SR SI",1,0
669,"241200",7645,5,"MC","C",4,2,1,0,"EL","3-3: WORD MEANINGS:",3,2,1,1,3,0.562448531,0.618074448,3,43.49887,NA,44651,NA,"SR SI",1,0
669,"241202",7648,5,"MC","A",4,2,1,0,"EL","4-3: REASONING & EVI",3,3,1,1,4,0.21187801,0.260700541,3,43.78084,NA,44651,NA,"EBSR:",1,0
669,"241206",7672,5,"MC","C",4,2,1,0,"EL","3-3: WORD MEANINGS:",3,2,1,1,3,0.715862731,0.534501938,3,67.05459,NA,44671,NA,"SR SI",1,0
669,"241217",7692,5,"MC","C",4,2,1,0,"EL","10-3: WORD MEANINGS:",3,2,1,2,10,0.164276402,0.117398804,3,NA,NA,44650,"N","SR SI",1,0
669,"241219",7694,5,"MC","D",4,2,1,0,"EL","8-3: KEY DETAILS: US",3,2,1,2,8,0.240679566,0.265228788,3,50.53821,NA,44650,NA,"SR SI",1,0
669,"241221",7696,5,"MC","B",4,2,1,0,"EL","13-3: TEXT STRUCTURE",3,2,1,2,13,0.362606232,0.234540942,3,116.14349,NA,44650,NA,"SR SI",1,0
669,"241223",7698,5,"MC","A",4,2,1,0,"EL","6-3: TEXT STRUCTURES",3,3,1,1,6,0.632835821,0.321504634,3,NA,NA,44651,"N","SR SI",1,0
669,"241251",7726,1,"CR","0",0,3,2,0,"EL","2-3: CENTRAL IDEAS:",3,3,1,1,2,0.029798762,0.251608229,3,NA,NA,44651,"N","SHORT",1,0
669,"241265",7768,5,"MC","A",4,2,1,0,"EL","6-3: TEXT STRUCTURES",3,2,1,1,6,0.291173184,0.543093446,3,68.45607,NA,44671,NA,"SR MU",1,0
669,"241266",7273,5,"MC","A",4,2,1,0,"EL","2-3: CENTRAL IDEAS:",3,2,1,1,2,0.712586099,0.462225064,3,30.26459,NA,44622,NA,"SR SI",1,0
669,"241283",7845,5,"MC","B",4,2,1,0,"EL","1-3: KEY DETAILS: US",3,1,1,1,1,0.655961844,0.543259782,3,45.69449,NA,44622,NA,"SR SI",1,0
669,"241286",7353,1,"CR","0",0,3,2,0,"EL","4-3: REASONING & EVI",3,3,1,1,4,0.093360349,0.391616659,3,103.56287,NA,44622,NA,"SHORT",1,0
669,"241290",7355,5,"MC","C",4,2,1,0,"EL","6-3: TEXT STRUCTURES",3,3,1,1,6,0.111111111,0.257641486,3,NA,NA,44622,"N","SR MU",1,0
669,"241292",1109,5,"MC","A",4,2,1,0,"EL","1-3: KEY DETAILS: US",3,2,1,1,1,0.300457218,0.578419205,3,57.52787,NA,44678,NA,"SR MU",1,0
669,"241294",7365,5,"MC","HT",4,2,1,0,"EL","4-3: REASONING & EVI",3,3,1,1,4,0.194070081,0.41808006,3,54.94648,NA,44622,NA,"HOT T",1,0
669,"241300",1111,1,"CR","0",0,3,2,0,"EL","2-3: CENTRAL IDEAS:",3,3,1,1,2,0.138641189,0.431187297,3,68.60045,NA,44678,NA,"SHORT",1,0
669,"241311",7979,5,"MC","HT",4,2,1,0,"EL","10-3: WORD MEANINGS:",3,2,1,2,10,0.589058206,0.630278692,3,42.66845,NA,44631,NA,"HOT T",1,0
669,"241319",7995,5,"MC","C",4,2,1,0,"EL","9-3: CENTRAL IDEAS:",3,2,1,2,9,0.123584601,0.273789323,3,45.74032,NA,44650,NA,"EBSR:",1,0
669,"241321",7997,5,"MC","HT",4,2,1,0,"EL","3-3: WORD MEANINGS:",3,2,1,1,3,0.42484199,0.478496931,3,26.06621,NA,44651,NA,"SR SI",1,0
669,"241350",748,5,"MC","C",4,2,1,0,"EL","7-3: LANGUAGE USE: I",3,3,1,1,7,0.708333333,0.645321993,3,NA,NA,44678,"N","SR SI",1,0
669,"241430",455,5,"MC","A",4,2,1,0,"EL","5-3: ANALYSIS WITHIN",3,4,1,1,5,0.086580087,0.336879784,3,30.55507,NA,44678,NA,"EBSR:",1,0
669,"241517",453,5,"MC","D",4,2,1,0,"EL","2-3: CENTRAL IDEAS:",3,2,1,1,2,0.322824037,0.571654027,3,66.02971,NA,44678,NA,"EBSR:",1,0
669,"241668",418,5,"MC","A",4,2,1,0,"EL","6-3: TEXT STRUCTURES",3,3,1,1,6,0.494505495,0.352287977,3,NA,NA,44678,"N","SR SI",1,0
669,"241676",420,5,"MC","B",4,2,1,0,"EL","7-3: LANGUAGE USE: I",3,2,1,1,7,0.5475855,0.502124326,3,104.88445,NA,44678,NA,"SR SI",1,0
669,"241700",454,1,"CR","0",0,3,2,0,"EL","4-3: REASONING & EVI",3,3,1,1,4,0.130841955,0.405731773,3,105.15336,NA,44678,NA,"SHORT",1,0
670,"241748",9184,5,"MC","A",4,2,1,0,"EL","7-4: LANGUAGE USE: D",4,2,1,1,7,0.2172362,0.411173561,3,59.80251,NA,44745,NA,"SR MU",1,0
670,"241758",2377,5,"MC","B",4,2,1,0,"EL","7-4: LANGUAGE USE: D",4,2,1,1,7,0.279874214,0.514090018,3,49.79288,NA,44749,NA,"SR MU",1,0
670,"241766",9182,5,"MC","A",4,2,1,0,"EL","5-4: ANALYSIS WITHIN",4,3,1,1,5,0.300917431,0.211844828,3,35.77895,NA,44745,NA,"SR SI",1,0
671,"241778",1450,5,"MC","A",4,2,1,0,"EL","5-5: ANALYSIS WITHIN",5,3,1,1,5,0.175675676,0.412020655,3,NA,NA,44757,"N","SR MU",1,0
670,"241792",1446,5,"MC","C",4,2,1,0,"EL","5-4: ANALYSIS WITHIN",4,3,1,1,5,0.095121951,0.20315935,3,27.10522,NA,44749,NA,"EBSR:",1,0
670,"241800",9183,5,"MC","A",4,2,1,0,"EL","5-4: ANALYSIS WITHIN",4,3,1,1,5,0.258241758,0.436608235,3,27.20662,NA,44745,NA,"SR MU",1,0
670,"241813",9080,5,"MC","B",4,2,1,0,"EL","14-4: LANGUAGE USE:",4,3,1,2,14,0.549190536,0.506022937,3,45.87632,NA,44765,NA,"SR SI",1,0
670,"241845",8918,5,"MC","B",4,2,1,0,"EL","12-4: ANALYSIS WITHI",4,3,1,2,12,0.119818653,0.324046289,3,42.32653,NA,44781,NA,"EBSR:",1,0
671,"241924",8820,5,"MC","B",4,2,1,0,"EL","14-5: LANGUAGE USE:",5,3,1,2,14,0.576696165,0.466275106,3,35.66751,NA,44809,NA,"SR SI",1,0
670,"241935",9078,5,"MC","B",4,2,1,0,"EL","12-4: ANALYSIS WITHI",4,4,1,2,12,0.490134995,0.456869077,3,35.43879,NA,44765,NA,"SR MU",1,0
670,"241937",9082,5,"MC","A",4,2,1,0,"EL","14-4: LANGUAGE USE:",4,3,1,2,14,0.12042503,0.327151169,3,20.68027,NA,44765,NA,"SR MU",1,0
670,"241991",8917,5,"MC","D",4,2,1,0,"EL","14-4: LANGUAGE USE:",4,3,1,2,14,0.495584416,0.508887752,3,41.91395,NA,44781,NA,"SR SI",1,0
671,"242053",8821,5,"MC","B",4,2,1,0,"EL","14-5: LANGUAGE USE:",5,3,1,2,14,0.140453548,0.396294671,3,33.36133,NA,44809,NA,"SR MU",1,0
670,"242074",9077,5,"MC","HT",4,2,1,0,"EL","12-4: ANALYSIS WITHI",4,4,1,2,12,0.184184184,0.306331074,3,31.0315,NA,44765,NA,"HOT T",1,0
670,"242076",9079,5,"MC","D",4,2,1,0,"EL","14-4: LANGUAGE USE:",4,3,1,2,14,0.423076923,0.346460467,3,45.58706,NA,44765,NA,"SR SI",1,0
670,"242078",9081,5,"MC","D",4,2,1,0,"EL","12-4: ANALYSIS WITHI",4,3,1,2,12,0.024169184,0.202770311,3,NA,NA,44765,"N","EBSR:",1,0
671,"242100",9105,5,"MC","B",4,2,1,0,"EL","5-5: ANALYSIS WITHIN",5,3,1,1,5,0.84063745,0.402693909,3,NA,NA,44833,"N","SR SI",1,0
671,"242456",8288,5,"MC","A",4,2,1,0,"EL","5-5: ANALYSIS WITHIN",5,3,1,1,5,0.285412262,0.47471163,3,NA,NA,44922,"N","SR MU",1,0
670,"242492",8484,5,"MC","A",4,2,1,0,"EL","12-4: ANALYSIS WITHI",4,3,1,2,12,0.028325123,0.0662781,3,NA,NA,44936,"N","EBSR:",1,0
670,"242533",2320,5,"MC","A",4,2,1,0,"EL","14-4: LANGUAGE USE:",4,2,1,2,14,0.427978884,0.543627588,3,73.64541,NA,44944,NA,"SR MU",1,0
670,"242647",1351,5,"MC","HT",4,2,1,0,"EL","12-4: ANALYSIS WITHI",4,3,1,2,12,0.136986301,0.262552511,3,26.98759,NA,44944,NA,"HOT T",1,0
671,"242660",8218,5,"MC","A",4,2,1,0,"EL","14-5: LANGUAGE USE:",5,3,1,2,14,0.200538358,0.348890996,3,31.92714,NA,44959,NA,"SR MU",1,0
671,"242670",2309,5,"MC","B",4,2,1,0,"EL","14-5: LANGUAGE USE:",5,2,1,2,14,0.493958048,0.243543228,3,33.11769,NA,44961,NA,"SR SI",1,0
670,"242712",8483,5,"MC","A",4,2,1,0,"EL","12-4: ANALYSIS WITHI",4,3,1,2,12,0.46,0.1863346,3,24.33615,NA,44936,NA,"SR SI",1,0
671,"242753",8555,5,"MC","C",4,2,1,0,"EL","5-5: ANALYSIS WITHIN",5,3,1,1,5,0.306584362,0.298217548,3,NA,NA,44922,"N","SR SI",1,0
671,"243006",7971,5,"MC","A",4,2,1,0,"EL","6-5: TEXT STRUCTURES",5,2,1,1,6,0.140214216,0.331228884,3,30.24362,NA,44833,NA,"SR MU",1,0
671,"243105",7760,5,"MC","A",4,2,1,0,"EL","6-5: TEXT STRUCTURES",5,2,1,1,6,0.106467662,0.044960054,3,NA,NA,44833,"N","SR MU",1,0
670,"243114",7656,1,"CR","0",0,3,2,0,"EL","2-4: CENTRAL IDEAS:",4,3,1,1,2,0.102323009,0.39691876,3,53.80067,NA,44745,NA,"SHORT",1,0
670,"243148",7661,5,"MC","C",4,2,1,0,"EL","6-4: TEXT STRUCTURES",4,3,1,1,6,0.676271186,0.494962216,3,25.2699,NA,44745,NA,"SR SI",1,0
671,"243170",7762,5,"MC","A",4,2,1,0,"EL","4-5: REASONING & EVI",5,3,1,1,4,0.283010157,0.42252408,3,38.94481,NA,44833,NA,"EBSR:",1,0
670,"243197",7654,5,"MC","B",4,2,1,0,"EL","1-4: KEY DETAILS: US",4,2,1,1,1,0.12256006,0.321984422,3,36.2749,NA,44745,NA,"SR MU",1,0
670,"243203",7658,5,"MC","D",4,2,1,0,"EL","3-4: WORD MEANINGS:",4,2,1,1,3,0.226548673,0.087249429,3,NA,NA,44745,"N","SR SI",1,0
670,"243210",7663,5,"MC","D",4,2,1,0,"EL","3-4: WORD MEANINGS:",4,2,1,1,3,0.727770178,0.552525076,3,59.54554,NA,44745,NA,"SR SI",1,0
671,"243251",7759,5,"MC","D",4,2,1,0,"EL","2-5: CENTRAL IDEAS:",5,2,1,1,2,0.679558011,0.508272446,3,28.56643,NA,44833,NA,"SR SI",1,0
671,"243252",7761,5,"MC","B",4,2,1,0,"EL","2-5: CENTRAL IDEAS:",5,2,1,1,2,0.622442244,0.645877622,3,38.3763,NA,44833,NA,"EBSR:",1,0
670,"243313",7655,5,"MC","A",4,2,1,0,"EL","2-4: CENTRAL IDEAS:",4,2,1,1,2,0.788439527,0.5107033,3,65.87068,NA,44745,NA,"SR SI",1,0
670,"243318",7657,5,"MC","HT",4,2,1,0,"EL","3-4: WORD MEANINGS:",4,2,1,1,3,0.409858512,0.33370133,3,46.50708,NA,44745,NA,"HOT T",1,0
670,"243326",7659,5,"MC","D",4,2,1,0,"EL","4-4: REASONING & EVA",4,3,1,1,4,0.401874311,0.468804892,3,33.44436,NA,44745,NA,"EBSR:",1,0
670,"243333",7662,5,"MC","C",4,2,1,0,"EL","6-4: TEXT STRUCTURES",4,3,1,1,6,0.12231405,0.332084337,3,24.88312,NA,44745,NA,"SR MU",1,0
671,"243361",7466,5,"MC","C",4,2,1,0,"EL","4-5: REASONING & EVI",5,3,1,1,4,0.264177694,0.430620724,3,57.91639,NA,44922,NA,"EBSR:",1,0
670,"243363",7550,1,"CR","0",0,3,2,0,"EL","11-4: REASONING & EV",4,3,1,2,11,0.043380649,0.349243204,3,74.02347,NA,44936,NA,"SHORT",1,0
671,"243392",7386,5,"MC","A",4,2,1,0,"EL","6-5: TEXT STRUCTURES",5,2,1,1,6,0.0918197,0.216590805,3,59.17376,NA,44922,NA,"SR MU",1,0
671,"243409",7462,5,"MC","D",4,2,1,0,"EL","1-5: KEY DETAILS: US",5,2,1,1,1,0.684665871,0.548885649,3,36.90223,NA,44922,NA,"SR SI",1,0
670,"243416",7554,1,"CR","0",0,3,2,0,"EL","9-4: CENTRAL IDEAS:",4,2,1,2,9,0.076540284,0.369141139,3,136.71008,NA,44936,NA,"SHORT",1,0
671,"243428",7359,1,"CR","0",0,3,2,0,"EL","4-5: REASONING & EVI",5,3,1,1,4,0.179036229,0.485371784,3,82.00929,NA,44922,NA,"SHORT",1,0
671,"243469",7449,1,"CR","0",0,3,2,0,"EL","2-5: CENTRAL IDEAS:",5,3,1,1,2,0.108866737,0.460743169,3,70.62679,NA,44922,NA,"SHORT",1,0
671,"243476",7464,5,"MC","C",4,2,1,0,"EL","7-5: LANGUAGE USE: I",5,2,1,1,7,0.74767514,0.585574588,3,35.54114,NA,44922,NA,"SR SI",1,0
670,"243489",7552,5,"MC","HT",4,2,1,0,"EL","10-4: WORD MEANINGS:",4,2,1,2,10,0.158926289,0.331617699,3,112.64819,NA,44936,NA,"HOT T",1,0
670,"243491",7556,5,"MC","D",4,2,1,0,"EL","9-4: CENTRAL IDEAS:",4,1,1,2,9,0.259338062,0.618588127,3,38.03886,NA,44936,NA,"EBSR:",1,0
671,"243535",7387,5,"MC","A",4,2,1,0,"EL","7-5: LANGUAGE USE: I",5,2,1,1,7,0.271233726,0.298143775,3,84.14941,NA,44922,NA,"SR MU",1,0
671,"243604",7463,5,"MC","C",4,2,1,0,"EL","2-5: CENTRAL IDEAS:",5,2,1,1,2,0.459026688,0.232189328,3,48.74601,NA,44922,NA,"SR SI",1,0
671,"243606",7465,5,"MC","HT",4,2,1,0,"EL","1-5: KEY DETAILS: US",5,2,1,1,1,0.104185762,0.333175334,3,60.44965,NA,44922,NA,"HOT T",1,0
670,"243627",7549,5,"MC","C",4,2,1,0,"EL","8-4: KEY DETAILS: US",4,1,1,2,8,0.316045168,0.385915848,3,166.68781,NA,44936,NA,"SR SI",1,0
670,"243630",7553,5,"MC","B",4,2,1,0,"EL","10-4: WORD MEANINGS:",4,1,1,2,10,0.450830919,0.274562144,3,58.08918,NA,44936,NA,"SR SI",1,0
670,"243632",7555,5,"MC","A",4,2,1,0,"EL","9-4: CENTRAL IDEAS:",4,2,1,2,9,0.053752868,0.194063643,3,31.00746,NA,44936,NA,"EBSR:",1,0
670,"243786",6253,5,"MC","HT",4,2,1,0,"EL","10-4: WORD MEANINGS:",4,1,1,2,10,0.317936615,0.299663795,3,55.25493,NA,44765,NA,"HOT T",1,0
670,"243979",5917,5,"MC","E",4,2,1,0,"EL","13-4: TEXT STRUCTURE",4,3,1,2,13,0.21381579,0.425569205,3,25.45535,NA,44765,NA,"SR MU",1,0
671,"243985",5880,5,"MC","HT",4,2,1,0,"EL","10-5: WORD MEANINGS:",5,1,1,2,10,0.665215814,0.492242317,3,63.5282,NA,45015,NA,"HOT T",1,0
671,"244005",1055,5,"MC","D",4,2,1,0,"EL","6-5: TEXT STRUCTURES",5,3,1,1,6,0.140350877,0.180570663,3,NA,NA,44757,"N","SR MU",1,0
671,"244006",1090,1,"CR","0",0,3,2,0,"EL","9-5: CENTRAL IDEAS:",5,3,1,2,9,0.349173554,0.387063082,3,NA,NA,45020,"N","SHORT",1,0
670,"244027",5874,5,"MC","B",4,2,1,0,"EL","13-4: TEXT STRUCTURE",4,3,1,2,13,0.598630137,0.406874022,3,20.56176,NA,44781,NA,"SR SI",1,0
671,"244040",1057,5,"MC","HT",4,2,1,0,"EL","4-5: REASONING & EVI",5,3,1,1,4,0.281528507,0.409709681,3,70.03886,NA,44757,NA,"HOT T",1,0
670,"244083",5872,5,"MC","C",4,2,1,0,"EL","10-4: WORD MEANINGS:",4,1,1,2,10,0.481236203,0.346425157,3,40.53735,NA,44781,NA,"SR SI",1,0
671,"244087",5878,5,"MC","A",4,2,1,0,"EL","13-5: TEXT STRUCTURE",5,3,1,2,13,0.421576764,0.273062113,3,65.04364,NA,45015,NA,"SR SI",1,0
671,"244091",5882,5,"MC","C",4,2,1,0,"EL","11-5: REASONING & EV",5,3,1,2,11,0.214719593,0.35232139,3,32.82482,NA,45015,NA,"EBSR:",1,0
671,"244194",6058,5,"MC","B",4,2,1,0,"EL","13-5: TEXT STRUCTURE",5,3,1,2,13,0.009204471,0.024943081,3,NA,NA,44809,"N","SR MU",1,0
670,"244195",5871,1,"CR","0",0,3,2,0,"EL","9-4: CENTRAL IDEAS:",4,3,1,2,9,0.094368341,0.414665435,3,46.02707,NA,44781,NA,"SHORT",1,0
670,"244199",5873,5,"MC","A",4,2,1,0,"EL","13-4: TEXT STRUCTURE",4,2,1,2,13,0.057573074,0.244765189,3,42.13383,NA,44781,NA,"SR MU",1,0
671,"244203",5877,5,"MC","C",4,2,1,0,"EL","9-5: CENTRAL IDEAS:",5,2,1,2,9,0.532128514,0.561149694,3,78.42268,NA,45015,NA,"EBSR:",1,0
671,"244207",5879,5,"MC","D",4,2,1,0,"EL","13-5: TEXT STRUCTURE",5,3,1,2,13,0.373312153,0.422336348,3,40.50773,NA,45015,NA,"SR SI",1,0
671,"244211",5881,5,"MC","HT",4,2,1,0,"EL","11-5: REASONING & EV",5,3,1,2,11,0.417459191,0.504294479,3,39.96968,NA,45015,NA,"HOT T",1,0
670,"244228",5914,5,"MC","C",4,2,1,0,"EL","9-4: CENTRAL IDEAS:",4,2,1,2,9,0.340425532,0.347289243,3,86.9399,NA,44765,NA,"SR SI",1,0
670,"244232",5916,1,"CR","0",0,3,2,0,"EL","11-4: REASONING & EV",4,3,1,2,11,0.129654554,0.437573954,3,97.97546,NA,44765,NA,"SHORT",1,0
670,"244236",5918,5,"MC","HT",4,2,1,0,"EL","10-4: WORD MEANINGS:",4,2,1,2,10,0.456875,0.404644307,3,35.94873,NA,44765,NA,"HOT T",1,0
671,"244250",1056,5,"MC","C",4,2,1,0,"EL","2-5: CENTRAL IDEAS:",5,2,1,1,2,0.578086489,0.342364489,3,47.10964,NA,44757,NA,"SR SI",1,0
671,"244254",2116,5,"MC","A",4,2,1,0,"EL","7-5: LANGUAGE USE: I",5,2,1,1,7,0.670535041,0.260244249,3,232.9765,NA,44757,NA,"SR SI",1,0
671,"244257",6108,1,"CR","0",0,3,2,0,"EL","9-5: CENTRAL IDEAS:",5,3,1,2,9,0.098898348,0.459876941,3,66.67707,NA,44809,NA,"SHORT",1,0
670,"244295",2073,5,"MC","HT",4,2,1,0,"EL","1-4: KEY DETAILS: US",4,2,1,1,1,0.375119226,0.517248249,3,122.90031,NA,44749,NA,"HOT T",1,0
670,"244303",1009,5,"MC","B",4,2,1,0,"EL","2-4: CENTRAL IDEAS:",4,2,1,1,2,0.663591636,0.484236152,3,58.84989,NA,44749,NA,"SR SI",1,0
671,"244309",2053,5,"MC","A",4,2,1,0,"EL","10-5: WORD MEANINGS:",5,2,1,2,10,0.513765695,0.350758398,3,60.3185,NA,44961,NA,"SR SI",1,0
671,"244334",951,5,"MC","HT",4,2,1,0,"EL","8-5: KEY DETAILS: US",5,2,1,2,8,0.661204606,0.634446668,3,40.24623,NA,44961,NA,"HOT T",1,0
671,"244336",5571,5,"MC","B",4,2,1,0,"EL","8-5: KEY DETAILS: US",5,1,1,2,8,0.354986877,0.178350741,3,NA,NA,44809,"N","SR SI",1,0
671,"244346",5348,5,"MC","A",4,2,1,0,"EL","9-5: CENTRAL IDEAS:",5,2,1,2,9,0.492013583,0.251378745,3,38.76011,NA,45015,NA,"SR SI",1,0
671,"244375",2051,5,"MC","C",4,2,1,0,"EL","8-5: KEY DETAILS: US",5,1,1,2,8,0.411366006,0.268593451,3,71.42564,NA,44961,NA,"SR SI",1,0
671,"244376",949,5,"MC","HT",4,2,1,0,"EL","8-5: KEY DETAILS: US",5,2,1,2,8,0.160247593,0.30025669,3,66.0445,NA,44961,NA,"HOT T",1,0
671,"244382",5573,5,"MC","B",4,2,1,0,"EL","10-5: WORD MEANINGS:",5,1,1,2,10,0.127734033,0.268004653,3,21.43152,NA,44809,NA,"SR MU",1,0
671,"244384",5577,5,"MC","C",4,2,1,0,"EL","13-5: TEXT STRUCTURE",5,3,1,2,13,0.366601435,0.28374697,3,51.18845,NA,44809,NA,"SR SI",1,0
670,"244401",5617,1,"CR","0",0,3,2,0,"EL","11-4: REASONING & EV",4,3,1,2,11,0.042866283,0.324977458,3,NA,NA,44781,"N","SHORT",1,0
670,"244415",1010,5,"MC","A",4,2,1,0,"EL","4-4: REASONING & EVA",4,3,1,1,4,0.417498686,0.567568572,3,97.99379,NA,44749,NA,"EBSR:",1,0
671,"244459",2052,5,"MC","D",4,2,1,0,"EL","9-5: CENTRAL IDEAS:",5,2,1,2,9,0.310310848,0.483299439,3,57.62052,NA,44961,NA,"EBSR:",1,0
671,"244461",948,5,"MC","A",4,2,1,0,"EL","11-5: REASONING & EV",5,3,1,2,11,0.109707839,0.015268465,3,NA,NA,44961,"N","EBSR:",1,0
671,"244465",950,5,"MC","B",4,2,1,0,"EL","13-5: TEXT STRUCTURE",5,3,1,2,13,0.632794457,0.462754693,3,57.3367,NA,44961,NA,"SR SI",1,0
671,"244476",5572,5,"MC","E",4,2,1,0,"EL","9-5: CENTRAL IDEAS:",5,2,1,2,9,0.056810704,0.166018575,3,49.71719,NA,44809,NA,"SR MU",1,0
671,"244478",5574,1,"CR","0",0,3,2,0,"EL","11-5: REASONING & EV",5,3,1,2,11,0.055179283,0.326594402,3,60.21349,NA,44809,NA,"SHORT",1,0
671,"244479",5576,5,"MC","D",4,2,1,0,"EL","12-5: ANALYSIS WITHI",5,4,1,2,12,0.131730769,0.359737873,3,33.2335,NA,44809,NA,"EBSR:",1,0
670,"244518",5618,5,"MC","A",4,2,1,0,"EL","11-4: REASONING & EV",4,3,1,2,11,0.428429424,0.414397617,3,42.70948,NA,44781,NA,"EBSR:",1,0
670,"244547",2081,5,"MC","HT",4,2,1,0,"EL","2-4: CENTRAL IDEAS:",4,2,1,1,2,0.42350886,0.418332401,3,97.74833,NA,44749,NA,"HOT T",1,0
670,"244549",2082,5,"MC","B",4,2,1,0,"EL","4-4: REASONING & EVA",4,3,1,1,4,0.269196257,0.463041139,3,67.12701,NA,44749,NA,"EBSR:",1,0
671,"244634",861,5,"MC","A",4,2,1,0,"EL","12-5: ANALYSIS WITHI",5,4,1,2,12,0.092161017,0.263971336,3,39.6707,NA,45082,NA,"SR MU",1,0
670,"244648",858,5,"MC","C",4,2,1,0,"EL","13-4: TEXT STRUCTURE",4,3,1,2,13,0.489425982,0.156036086,3,NA,NA,44944,"N","SR SI",1,0
671,"244654",4876,5,"MC","D",4,2,1,0,"EL","13-5: TEXT STRUCTURE",5,2,1,2,13,0.436567164,0.191206961,3,NA,NA,45088,"N","SR SI",1,0
671,"244661",4914,5,"MC","C",4,2,1,0,"EL","14-5: LANGUAGE USE:",5,2,1,2,14,0.76432231,0.533117733,3,38.50319,NA,45091,NA,"SR SI",1,0
671,"244671",5009,5,"MC","D",4,2,1,0,"EL","13-5: TEXT STRUCTURE",5,2,1,2,13,0.322326125,0.313922788,3,44.63303,NA,44959,NA,"SR SI",1,0
671,"244675",819,5,"MC","A",4,2,1,0,"EL","9-5: CENTRAL IDEAS:",5,2,1,2,9,0.109170306,0.281515473,3,43.31186,NA,45020,NA,"SR MU",1,0
671,"244677",4871,5,"MC","B",4,2,1,0,"EL","8-5: KEY DETAILS: US",5,2,1,2,8,0.37037037,0.181451496,3,NA,NA,45088,"N","SR SI",1,0
671,"244692",4910,5,"MC","D",4,2,1,0,"EL","9-5: CENTRAL IDEAS:",5,2,1,2,9,0.573139235,0.39821788,3,43.14438,NA,45091,NA,"SR SI",1,0
671,"244712",5005,1,"CR","0",0,3,2,0,"EL","9-5: CENTRAL IDEAS:",5,3,1,2,9,0.079830149,0.397521859,3,71.62633,NA,44959,NA,"SHORT",1,0
671,"244715",860,5,"MC","D",4,2,1,0,"EL","9-5: CENTRAL IDEAS:",5,2,1,2,9,0.257352941,0.382680907,3,58.24461,NA,45082,NA,"EBSR:",1,0
671,"244718",863,5,"MC","D",4,2,1,0,"EL","13-5: TEXT STRUCTURE",5,3,1,2,13,0.449122807,0.48238807,3,44.3622,NA,45082,NA,"SR SI",1,0
671,"244719",817,5,"MC","HT",4,2,1,0,"EL","8-5: KEY DETAILS: US",5,2,1,2,8,0.248468941,0.274620386,3,33.36758,NA,45020,NA,"HOT T",1,0
671,"244723",821,1,"CR","0",0,3,2,0,"EL","11-5: REASONING & EV",5,3,1,2,11,0.196969697,0.485786551,3,47.38866,NA,45020,NA,"SHORT",1,0
671,"244729",4874,5,"MC","D",4,2,1,0,"EL","11-5: REASONING & EV",5,3,1,2,11,0.452205882,0.149487125,3,NA,NA,45088,"N","EBSR:",1,0
671,"244737",4878,5,"MC","B",4,2,1,0,"EL","8-5: KEY DETAILS: US",5,2,1,2,8,0.378571429,0.40505711,3,NA,NA,45088,"N","SR MU",1,0
671,"244759",4912,5,"MC","HT",4,2,1,0,"EL","12-5: ANALYSIS WITHI",5,3,1,2,12,0.229381443,0.464355768,3,55.60368,NA,45091,NA,"HOT T",1,0
671,"244768",4991,5,"MC","D",4,2,1,0,"EL","11-5: REASONING & EV",5,3,1,2,11,0.238745211,0.442568682,3,52.0564,NA,45091,NA,"EBSR:",1,0
670,"244788",1999,5,"MC","B",4,2,1,0,"EL","10-4: WORD MEANINGS:",4,2,1,2,10,0.199616858,0.431142291,3,41.21433,NA,44944,NA,"SR MU",1,0
671,"244796",5007,5,"MC","C",4,2,1,0,"EL","10-5: WORD MEANINGS:",5,1,1,2,10,0.589851202,0.534951913,3,62.87382,NA,44959,NA,"SR SI",1,0
671,"244799",859,5,"MC","B",4,2,1,0,"EL","8-5: KEY DETAILS: US",5,2,1,2,8,0.332914716,0.026034019,3,NA,NA,45082,"N","SR SI",1,0
671,"244803",2003,5,"MC","HT",4,2,1,0,"EL","10-5: WORD MEANINGS:",5,2,1,2,10,0.791693155,0.51904967,3,148.06569,NA,45082,NA,"HOT T",1,0
671,"244805",862,5,"MC","D",4,2,1,0,"EL","13-5: TEXT STRUCTURE",5,3,1,2,13,0.456865128,0.569555699,3,34.1666,NA,45082,NA,"SR SI",1,0
671,"244807",2005,5,"MC","C",4,2,1,0,"EL","14-5: LANGUAGE USE:",5,2,1,2,14,0.357898942,0.480611156,3,96.63471,NA,45082,NA,"SR MU",1,0
671,"244810",818,5,"MC","B",4,2,1,0,"EL","8-5: KEY DETAILS: US",5,2,1,2,8,0.325744308,0.079197947,3,NA,NA,45020,"N","SR SI",1,0
671,"244814",820,5,"MC","HT",4,2,1,0,"EL","10-5: WORD MEANINGS:",5,2,1,2,10,0.666375546,0.508805407,3,27.7247,NA,45020,NA,"HOT T",1,0
671,"244818",822,5,"MC","C",4,2,1,0,"EL","11-5: REASONING & EV",5,3,1,2,11,0.450897571,0.530250659,3,23.06278,NA,45020,NA,"EBSR:",1,0
671,"244824",4872,5,"MC","D",4,2,1,0,"EL","9-5: CENTRAL IDEAS:",5,2,1,2,9,0.477272727,0.16010972,3,NA,NA,45088,"N","SR SI",1,0
671,"244832",4875,5,"MC","A",4,2,1,0,"EL","12-5: ANALYSIS WITHI",5,3,1,2,12,0.624,0.321305918,3,NA,NA,45088,"N","SR SI",1,0
671,"244839",4877,5,"MC","D",4,2,1,0,"EL","14-5: LANGUAGE USE:",5,2,1,2,14,0.653136531,0.182765116,3,NA,NA,45088,"N","SR SI",1,0
671,"244847",4879,5,"MC","C",4,2,1,0,"EL","12-5: ANALYSIS WITHI",5,3,1,2,12,0.755102041,0.361612553,3,NA,NA,45088,"N","SR SI",1,0
671,"244877",4909,5,"MC","C",4,2,1,0,"EL","8-5: KEY DETAILS: US",5,2,1,2,8,0.339853301,0.38619868,3,148.56873,NA,45091,NA,"SR SI",1,0
671,"244885",4911,5,"MC","D",4,2,1,0,"EL","9-5: CENTRAL IDEAS:",5,2,1,2,9,0.633968478,0.618965361,3,37.31324,NA,45091,NA,"SR SI",1,0
671,"244893",4913,5,"MC","D",4,2,1,0,"EL","13-5: TEXT STRUCTURE",5,2,1,2,13,0.48745838,0.453897329,3,42.33079,NA,45091,NA,"SR SI",1,0
671,"244940",5168,1,"CR","0",0,3,2,0,"EL","11-5: REASONING & EV",5,3,1,2,11,0.162807986,0.470207882,3,123.76793,NA,45082,NA,"SHORT",1,0
670,"244947",1998,5,"MC","C",4,2,1,0,"EL","8-4: KEY DETAILS: US",4,1,1,2,8,0.405280222,0.338013479,3,47.23658,NA,44944,NA,"SR SI",1,0
670,"244951",2000,5,"MC","B",4,2,1,0,"EL","11-4: REASONING & EV",4,3,1,2,11,0.129065041,0.213108382,3,38.99149,NA,44944,NA,"EBSR:",1,0
671,"244955",5002,5,"MC","D",4,2,1,0,"EL","8-5: KEY DETAILS: US",5,2,1,2,8,0.422487223,0.398183317,3,49.19297,NA,44959,NA,"SR SI",1,0
671,"244959",5004,5,"MC","A",4,2,1,0,"EL","9-5: CENTRAL IDEAS:",5,2,1,2,9,0.068085106,0.250122233,3,25.81298,NA,44959,NA,"EBSR:",1,0
671,"244963",5006,5,"MC","HT",4,2,1,0,"EL","10-5: WORD MEANINGS:",5,2,1,2,10,0.421052632,0.191440377,3,29.25116,NA,44959,NA,"HOT T",1,0
671,"244967",5008,5,"MC","A",4,2,1,0,"EL","12-5: ANALYSIS WITHI",5,3,1,2,12,0.138554217,0.447228399,3,29.6865,NA,44959,NA,"EBSR:",1,0
671,"244975",2001,5,"MC","B",4,2,1,0,"EL","8-5: KEY DETAILS: US",5,1,1,2,8,0.111952407,0.294389179,3,70.27741,NA,45082,NA,"SR MU",1,0
671,"244979",2002,1,"CR","0",0,3,2,0,"EL","9-5: CENTRAL IDEAS:",5,3,1,2,9,0.043636941,0.145915133,3,79.9665,NA,45082,NA,"SHORT",1,0
671,"244983",2004,5,"MC","HT",4,2,1,0,"EL","11-5: REASONING & EV",5,3,1,2,11,0.235279805,0.32833412,3,57.65107,NA,45082,NA,"HOT T",1,0
670,"245963",1614,5,"MC","A",4,2,1,0,"EL","11-4: REASONING & EV",4,3,1,2,11,0.315224064,0.481104279,3,62.26582,NA,45274,NA,"EBSR:",1,0
670,"246027",372,5,"MC","B",4,2,1,0,"EL","13-4: TEXT STRUCTURE",4,3,1,2,13,0.446640316,0.250514609,3,NA,NA,45274,"N","SR SI",1,0
670,"246123",404,5,"MC","D",4,2,1,0,"EL","10-4: WORD MEANINGS:",4,2,1,2,10,0.075837743,-0.028423602,3,NA,NA,45274,"N","SR SI",1,0
670,"246140",1611,5,"MC","C",4,2,1,0,"EL","8-4: KEY DETAILS: US",4,2,1,2,8,0.256475368,0.456720053,3,53.08496,NA,45274,NA,"SR MU",1,0
670,"246144",1613,1,"CR","0",0,3,2,0,"EL","9-4: CENTRAL IDEAS:",4,3,1,2,9,0.104944118,0.308163786,3,137.38222,NA,45274,NA,"SHORT",1,0
670,"246147",371,5,"MC","D",4,2,1,0,"EL","12-4: ANALYSIS WITHI",4,4,1,2,12,0.244239631,0.259874808,3,NA,NA,45274,"N","EBSR:",1,0
670,"246149",373,5,"MC","B",4,2,1,0,"EL","13-4: TEXT STRUCTURE",4,3,1,2,13,0,NA,3,NA,NA,45274,"N","SR MU",1,0
670,"246241",1654,5,"MC","B",4,2,1,0,"EL","10-4: WORD MEANINGS:",4,2,1,2,10,0.319267214,0.430961681,3,49.5286,NA,45274,NA,"SR MU",1,0
